time,open,high,low,close,Volume,Volume MA
2019-03-11T00:00:00Z,0.00197599,0.002005,0.00188,0.00197296,31324804.29420823,27439015.66484667
2019-03-12T00:00:00Z,0.00195868,0.002069,0.00192004,0.00204896,31413066.35433216,27596015.414157677
2019-03-13T00:00:00Z,0.00204208,0.00208134,0.00197,0.00203,30230918.47011465,27659167.527086683
2019-03-14T00:00:00Z,0.00203638,0.00212354,0.002,0.00205827,32268030.84677014,27916855.36925335
2019-03-15T00:00:00Z,0.0020633,0.002079,0.002015,0.00206032,30495208.40957542,28249631.22366178
2019-03-16T00:00:00Z,0.00203404,0.00214,0.00202,0.00211538,30577117.46618531,28619787.468244344
2019-03-17T00:00:00Z,0.002104,0.00213899,0.00207601,0.00209193,30498264.74345321,29068698.48684474
2019-03-18T00:00:00Z,0.00209594,0.00213,0.00207968,0.00210982,30419391.1925053,29423482.468851626
2019-03-19T00:00:00Z,0.00210172,0.00210993,0.002068,0.002088,23767974.32537608,29244851.114022672
2019-03-20T00:00:00Z,0.002098,0.002098,0.00205,0.00208438,29984252.16890626,29453196.217120893
2019-03-21T00:00:00Z,0.002094,0.002097,0.00205,0.00206323,27868214.65158558,29550274.13377148
2019-03-22T00:00:00Z,0.00206265,0.00208056,0.00195659,0.00202699,29155754.707244,29640837.9346116
2019-03-23T00:00:00Z,0.002025,0.00208056,0.002003,0.002057,35138728.62237126,29958383.41125231
2019-03-24T00:00:00Z,0.00205401,0.00208056,0.002039,0.00204504,32054057.81293825,30201812.221737605
2019-03-25T00:00:00Z,0.00204378,0.0021,0.00202,0.00206395,34889340.0449227,30498534.42451678
2019-03-26T00:00:00Z,0.00205803,0.0020847,0.00202,0.00205586,28033128.58841851,30394763.69099918
2019-03-27T00:00:00Z,0.00205849,0.002125,0.00203615,0.0021063,33972239.88141048,30436505.751235347
2019-03-28T00:00:00Z,0.002101,0.002123,0.002068,0.00207601,32726248.11353238,30752842.94596232
2019-03-29T00:00:00Z,0.00209095,0.00212,0.00206301,0.00211137,35794469.16447181,31011573.718784105
2019-03-30T00:00:00Z,0.00210926,0.00212177,0.00207763,0.00211242,36232568.47467574,31342188.91664987
2019-03-31T00:00:00Z,0.00211201,0.002123,0.00208207,0.00208878,35645000.35275582,31558198.719577253
2019-04-01T00:00:00Z,0.00208593,0.0025446,0.0020822,0.00244008,42586902.28216156,32116890.51596872
2019-04-02T00:00:00Z,0.00244588,0.0028729,0.0024,0.00280831,41804465.486574,32695567.866791695
2019-04-03T00:00:00Z,0.00280746,0.00367,0.00269,0.00321,40245013.50192052,33094416.99954921
2019-04-04T00:00:00Z,0.00317466,0.0041,0.00311,0.00341111,44766655.17111716,33807989.33762629
2019-04-05T00:00:00Z,0.00341111,0.00363496,0.003211,0.00356716,40532988.69954424,34305782.89929424
2019-04-06T00:00:00Z,0.00359353,0.00361498,0.0033,0.0034,9914027.08080531,33276571.01616184
2019-04-07T00:00:00Z,0.00343,0.0035555,0.003231,0.0034047,7359388.11409207,32123570.862241186
2019-04-08T00:00:00Z,0.003356,0.003373,0.002937,0.00301,10132999.394473,31441822.11569603
2019-04-09T00:00:00Z,0.003015,0.00318899,0.0027,0.00290761,5425582.09236534,30213888.61186899
2019-04-10T00:00:00Z,0.00291678,0.00318298,0.00288001,0.00298,2880110.49970332,28964483.404274873
2019-04-11T00:00:00Z,0.00298,0.00305,0.002705,0.002795,3426886.63923631,27678040.00087449
2019-04-12T00:00:00Z,0.002781,0.00294498,0.00274303,0.0028298,2194229.88709242,26030815.064110547
2019-04-13T00:00:00Z,0.00281068,0.00291488,0.0028,0.00285526,1274249.01010957,24491824.62396911
2019-04-14T00:00:00Z,0.002864,0.002911,0.00278001,0.00285733,2354872.86640109,22865101.265043028
2019-04-15T00:00:00Z,0.00285733,0.00293,0.00272,0.002775,2255232.72103816,21576206.471674014
2019-04-16T00:00:00Z,0.00278785,0.00285,0.00272,0.00280721,2531430.80174221,20004166.0176906
2019-04-17T00:00:00Z,0.00281102,0.0028586,0.00274996,0.002797,1438437.43161862,18439775.483594913
2019-04-18T00:00:00Z,0.0028009,0.003008,0.00278,0.002962,3921115.31209588,16846107.790976115
2019-04-19T00:00:00Z,0.00296201,0.00296201,0.002841,0.00289,1708420.65889964,15119900.400187314
2019-04-20T00:00:00Z,0.00288756,0.00289999,0.00283,0.00286482,1762967.76515568,13425798.770807307
2019-04-21T00:00:00Z,0.002863,0.00288696,0.00272,0.002781,1388385.35818992,11365872.924608726
2019-04-22T00:00:00Z,0.0027796,0.00281497,0.00272,0.002786,1078357.00581897,9329567.500570973
2019-04-23T00:00:00Z,0.002791,0.00286476,0.002735,0.002735,1586427.31058464,7396638.191004179
2019-04-24T00:00:00Z,0.002735,0.00274968,0.002536,0.00266014,2578560.29911118,5287233.447403881
2019-04-25T00:00:00Z,0.00257,0.00269254,0.0025,0.0025,3463146.49045796,3433741.336949567
2019-04-26T00:00:00Z,0.0025,0.00257964,0.00244014,0.0025509,2947517.55340755,3085415.860579679
2019-04-27T00:00:00Z,0.002565,0.0026,0.002519,0.002591,1167620.95845711,2775827.502797931
2019-04-28T00:00:00Z,0.00259,0.00260699,0.0025,0.00252401,1704150.00808338,2354385.03347845
2019-04-29T00:00:00Z,0.00254796,0.00256999,0.00245,0.00252819,1832787.35328475,2174745.2965244204
2019-04-30T00:00:00Z,0.00247255,0.00256763,0.00244884,0.00251004,2411004.03299419,2151289.9731889637
2019-05-01T00:00:00Z,0.00252761,0.00255103,0.002471,0.00250025,1166760.67899179,2038283.6751767378
2019-05-02T00:00:00Z,0.00252499,0.00259,0.00250806,0.002531,2802964.32893068,2068720.397268651
2019-05-03T00:00:00Z,0.00256399,0.0027,0.00252363,0.00266317,2420764.12212089,2126046.1528692166
2019-05-04T00:00:00Z,0.00266321,0.00267241,0.00253751,0.002638,1600695.71510001,2088337.295304163
2019-05-05T00:00:00Z,0.00263273,0.00268,0.0024,0.00257301,2272064.40893508,2089178.8796990085
2019-05-06T00:00:00Z,0.002574,0.00263576,0.00240697,0.002524,1466920.39328518,2035953.3592761569
2019-05-07T00:00:00Z,0.00252578,0.00259108,0.002424,0.00246968,1573691.2814436,2042716.0517674058
2019-05-08T00:00:00Z,0.00246968,0.0025202,0.002438,0.002495,1227790.64908002,1908049.818616613
2019-05-09T00:00:00Z,0.00249545,0.00255007,0.00244911,0.00249,2208327.54006882,1933045.162675072
2019-05-10T00:00:00Z,0.002495,0.002555,0.002424,0.00251643,2223669.28359656,1956080.238597116
2019-05-11T00:00:00Z,0.00251643,0.0027872,0.00247,0.00271,4612028.41458608,2117262.391416924
2019-05-12T00:00:00Z,0.00271703,0.002783,0.002555,0.00256442,4746515.58847114,2300670.3205495323
2019-05-13T00:00:00Z,0.002572,0.002782,0.00256801,0.00268,3429060.88028399,2392801.9990344997
2019-05-14T00:00:00Z,0.00268,0.0031,0.002607,0.00298767,9849156.08143372,2756331.7881506267
2019-05-15T00:00:00Z,0.003,0.00327,0.0029,0.00321883,5597261.5433352,2863037.540794489
2019-05-16T00:00:00Z,0.0032039,0.0035,0.00299,0.00302429,5142713.27642498,2972797.3269453603
2019-05-17T00:00:00Z,0.00304114,0.00317,0.00268,0.00288,4161154.57298115,3122474.007671562
2019-05-18T00:00:00Z,0.00286568,0.0029994,0.0028,0.00291701,1971997.82417104,3135866.398475945
2019-05-19T00:00:00Z,0.002921,0.0032,0.0029,0.00309,3298997.47666187,3209176.9046448013
2019-05-20T00:00:00Z,0.00307504,0.00315,0.00280364,0.00293401,2742567.04480174,3225755.0552351787
2019-05-21T00:00:00Z,0.00296,0.00308,0.00291613,0.003022,2145009.99682341,3274667.5211267597
2019-05-22T00:00:00Z,0.003025,0.00304593,0.00284,0.0029,2464409.31965342,3257739.770662897
2019-05-23T00:00:00Z,0.00288423,0.002975,0.0028,0.002913,1733619.85873193,3223382.557493449
2019-05-24T00:00:00Z,0.002906,0.00303,0.002721,0.00298593,2806927.56216065,3283694.1498464807
2019-05-25T00:00:00Z,0.00298593,0.003,0.00286569,0.00295,1409354.62530045,3240558.6606647493
2019-05-26T00:00:00Z,0.00295,0.003021,0.002819,0.00296211,1982062.50748484,3266315.7663747324
2019-05-27T00:00:00Z,0.00296211,0.00310028,0.0029,0.00302513,5888914.5574288,3482076.930173992
2019-05-28T00:00:00Z,0.00301781,0.0030625,0.00295,0.0030625,2943315.90398053,3567853.1929190173
2019-05-29T00:00:00Z,0.0030625,0.00315,0.00297601,0.00305002,7269587.02056371,3820916.1669437615
2019-05-30T00:00:00Z,0.00305001,0.00355,0.0030497,0.00320713,10738571.67568466,4246661.286548167
2019-05-31T00:00:00Z,0.00320713,0.00339,0.0031,0.00334035,3311828.28718748,4181651.280178237
2019-06-01T00:00:00Z,0.003338,0.00348,0.00325,0.003289,3161110.71553329,4102381.036531344
2019-06-02T00:00:00Z,0.003325,0.00341,0.00327,0.00331561,3198908.52541201,4090873.418787745
2019-06-03T00:00:00Z,0.00331561,0.003341,0.003102,0.003103,3213879.31333598,3759109.5803828584
2019-06-04T00:00:00Z,0.003102,0.00311659,0.002875,0.00295323,4497917.35543727,3704142.3709879615
2019-06-05T00:00:00Z,0.00297001,0.00304422,0.002955,0.00302344,1968396.30008355,3545426.52217089
2019-06-06T00:00:00Z,0.00302344,0.00307,0.002955,0.003036,1610791.75764745,3417908.381404205
2019-06-07T00:00:00Z,0.00303901,0.00315,0.00303101,0.00312924,2067052.8979478,3422661.1350930436
2019-06-08T00:00:00Z,0.0031291,0.0031535,0.002999,0.003025,1476725.66496197,3331547.544508049
2019-06-09T00:00:00Z,0.00304046,0.00304716,0.00295248,0.00295255,1634571.21679879,3276147.753107901
2019-06-10T00:00:00Z,0.00295248,0.003048,0.0029397,0.003034,1276621.88443476,3232728.347488469
2019-06-11T00:00:00Z,0.00303831,0.003041,0.002963,0.003,1756880.48326451,3197351.9056690233
2019-06-12T00:00:00Z,0.003001,0.00305036,0.00295,0.00303596,2525135.30061315,3236927.6777630844
2019-06-13T00:00:00Z,0.003037,0.00305,0.00298,0.00301627,1613042.89365856,3177233.44433798
2019-06-14T00:00:00Z,0.00301727,0.00304,0.00296278,0.00304,1690202.64832728,3191275.8454893217
2019-06-15T00:00:00Z,0.003039,0.00309545,0.00301,0.003083,1386542.04124736,3161499.822177448
2019-06-16T00:00:00Z,0.003078,0.003213,0.003036,0.00306082,3393276.90366118,3036717.9394890666
2019-06-17T00:00:00Z,0.00307991,0.003146,0.00305762,0.003075,1923706.92221591,2985737.4904008354
2019-06-18T00:00:00Z,0.003075,0.00309944,0.0030111,0.003032,1941124.41667942,2719314.3602066212
2019-06-19T00:00:00Z,0.003043,0.0030899,0.003,0.0030899,1931715.66155221,2278971.5594999986
2019-06-20T00:00:00Z,0.00308986,0.00309,0.003,0.00303489,3465164.23977061,2286638.357129155
2019-06-21T00:00:00Z,0.003041,0.00317,0.003015,0.00316399,3765668.05150433,2316866.2239277074
2019-06-22T00:00:00Z,0.00316412,0.003249,0.003089,0.00312,5511908.12263752,2432516.2037889827
2019-06-23T00:00:00Z,0.003131,0.00324,0.00310603,0.003183,3441277.61704023,2443886.1189741953
2019-06-24T00:00:00Z,0.003183,0.00326824,0.00314,0.00326824,3034523.30281669,2370716.4163431665
2019-06-25T00:00:00Z,0.00326824,0.003287,0.00318408,0.00326,2880273.65707934,2416310.284192956
2019-06-26T00:00:00Z,0.00325,0.00329281,0.003034,0.003282,6665456.75560501,2669043.534090834
2019-06-27T00:00:00Z,0.003293,0.00342468,0.00295,0.00326735,8802056.94283404,3005793.7363351462
2019-06-28T00:00:00Z,0.003284,0.00347008,0.003284,0.0033379,5399880.86802658,3201951.4964883765
2019-06-29T00:00:00Z,0.00336435,0.00340228,0.00324406,0.00337,2442460.20813577,3242345.946055225
2019-06-30T00:00:00Z,0.00337,0.00340003,0.003196,0.00323354,2117237.85598465,3284376.74463272
2019-07-01T00:00:00Z,0.003223,0.003325,0.0030315,0.003242,3299418.2969455,3361503.635316769
2019-07-02T00:00:00Z,0.003245,0.00329,0.002995,0.00310104,2987567.51908645,3384625.2462404342
2019-07-03T00:00:00Z,0.00311996,0.0032249,0.00305,0.003193,2804057.46970221,3444175.9750426165
2019-07-04T00:00:00Z,0.00319999,0.00332,0.003069,0.003136,2859769.29321171,3502654.3072868385
2019-07-05T00:00:00Z,0.003148,0.00449999,0.00307,0.003795,35767827.13340059,5221718.561894501
2019-07-06T00:00:00Z,0.003795,0.0039,0.00339345,0.0035,6287016.95308323,5366405.564365603
2019-07-07T00:00:00Z,0.0034829,0.00385,0.003421,0.0035412,4054948.27247549,5472967.631878583
2019-07-08T00:00:00Z,0.00353294,0.0035552,0.00345,0.00347922,2453156.76760206,5498569.249424714
2019-07-09T00:00:00Z,0.00347173,0.00350176,0.003343,0.003465,3404691.43554341,5572218.0381242735
2019-07-10T00:00:00Z,0.00347188,0.003549,0.003242,0.003345,4497916.00715494,5623855.62649349
2019-07-11T00:00:00Z,0.00332836,0.00332836,0.003139,0.003234,2787065.96985893,5574925.522411221
2019-07-12T00:00:00Z,0.00324992,0.00335999,0.003202,0.003291,1323787.72851999,5365519.502705344
2019-07-13T00:00:00Z,0.003276,0.0033716,0.00314,0.00323041,1956763.94182343,5291293.818944504
2019-07-14T00:00:00Z,0.00326271,0.00329996,0.00299,0.00299,2645017.75302822,5271818.54145508
2019-07-15T00:00:00Z,0.00298403,0.003177,0.00293,0.003151,1406077.73502756,5198108.745352491
2019-07-16T00:00:00Z,0.003154,0.00316,0.00284,0.00285001,2592763.2640483,4994474.070774655
2019-07-17T00:00:00Z,0.00286,0.003025,0.002753,0.00295265,2699505.76194391,4689346.511730148
2019-07-18T00:00:00Z,0.002945,0.0031,0.002767,0.00309996,2015188.60752553,4520111.898705096
2019-07-19T00:00:00Z,0.00308454,0.0031,0.002927,0.003042,1757939.76612825,4485885.87660472
2019-07-20T00:00:00Z,0.003045,0.00315,0.002938,0.003068,2036029.20308866,4481825.443959921
2019-07-21T00:00:00Z,0.00307926,0.003108,0.003,0.00304364,1272660.18642445,4380487.538433868
2019-07-22T00:00:00Z,0.00304698,0.003075,0.002934,0.002978,795642.45338487,4270891.28514879
2019-07-23T00:00:00Z,0.00296824,0.00296824,0.002854,0.002854,1217334.34446704,4191555.128887031
2019-07-24T00:00:00Z,0.00285373,0.002898,0.00276,0.002887,2385395.9903164,4167836.463742266
2019-07-25T00:00:00Z,0.002898,0.00298106,0.002832,0.002895,1498467.09620781,2454368.461882627
2019-07-26T00:00:00Z,0.002895,0.002921,0.00281,0.002921,1354679.19563199,2207751.574010065
2019-07-27T00:00:00Z,0.00292,0.002991,0.002765,0.002783,1942378.48057246,2102123.0844149133
2019-07-28T00:00:00Z,0.00280248,0.002961,0.002802,0.002838,1354654.12685427,2047197.9523775242
2019-07-29T00:00:00Z,0.00285,0.002876,0.00276401,0.002838,1281134.81648965,1941020.1214248363
2019-07-30T00:00:00Z,0.002834,0.002862,0.00273,0.00281804,1524917.12099019,1792370.1771165985
2019-07-31T00:00:00Z,0.0028345,0.00288707,0.002772,0.002871,1820930.81228943,1744063.4192381236
2019-08-01T00:00:00Z,0.00287496,0.00296901,0.002792,0.0029284,2428211.86644969,1799284.6261346086
2019-08-02T00:00:00Z,0.002924,0.00297,0.002836,0.0029039,2217415.45194552,1812317.2016407133
2019-08-03T00:00:00Z,0.00291945,0.00297396,0.002817,0.002893,1903084.9955941,1775220.563769007
2019-08-04T00:00:00Z,0.002903,0.00297007,0.00285,0.00294396,2201308.27208767,1814982.0906220127
2019-08-05T00:00:00Z,0.002941,0.0031,0.00294,0.003029,3322004.84243034,1851444.1695411145
2019-08-06T00:00:00Z,0.00300509,0.00307,0.002891,0.00291,1756954.65280783,1804316.6140843108
2019-08-07T00:00:00Z,0.002921,0.003037,0.00285,0.002979,2082205.52502636,1807667.4599593524
2019-08-08T00:00:00Z,0.002979,0.002993,0.002851,0.002954,1139938.59579444,1776767.4014426619
2019-08-09T00:00:00Z,0.00292475,0.00295095,0.002852,0.002917,1074950.33249151,1728713.4579128046
2019-08-10T00:00:00Z,0.002917,0.00292995,0.002799,0.002879,1549898.21568948,1742575.3593760561
2019-08-11T00:00:00Z,0.002871,0.00291,0.00281937,0.00291,1215840.48099639,1763585.2607566323
2019-08-12T00:00:00Z,0.00291,0.0029104,0.00281701,0.00284038,623224.27098179,1733879.7570823699
2019-08-13T00:00:00Z,0.00287596,0.00287596,0.00273316,0.00275318,1063664.39970847,1667793.1775519734
2019-08-14T00:00:00Z,0.00279371,0.00281795,0.00265,0.00275872,1991257.97722686,1692432.721602926
2019-08-15T00:00:00Z,0.00276674,0.0028,0.0026,0.0027318,1189808.68598606,1684189.1961206296
2019-08-16T00:00:00Z,0.00270475,0.002795,0.00251712,0.00268689,1440392.61717859,1659089.902950936
2019-08-17T00:00:00Z,0.00265718,0.0027,0.00255,0.0026298,773383.32368167,1630026.362792306
2019-08-18T00:00:00Z,0.00263242,0.002743,0.002585,0.002743,1238277.17976904,1627883.4809562755
2019-08-19T00:00:00Z,0.002743,0.0029,0.00267795,0.002817,1670474.23618268,1635161.3367158999
2019-08-20T00:00:00Z,0.002817,0.00284684,0.002635,0.00273929,1508404.03161533,1619534.9976821947
2019-08-21T00:00:00Z,0.00274045,0.00274045,0.00252421,0.002669,1487702.69610196,1572509.539164808
2019-08-22T00:00:00Z,0.002669,0.00279624,0.00258501,0.00269911,1871061.14429817,1555191.8237824407
2019-08-23T00:00:00Z,0.002696,0.002787,0.00255,0.002662,1871697.34598785,1553622.4413021281
2019-08-24T00:00:00Z,0.002662,0.0027,0.0025705,0.00263291,1100014.58807042,1498557.7571012655
2019-08-25T00:00:00Z,0.002635,0.002796,0.002614,0.00267496,1741005.32652983,1419507.78130624
2019-08-26T00:00:00Z,0.002675,0.00272,0.0026303,0.00269399,1223698.894442,1392844.9933879483
2019-08-27T00:00:00Z,0.00267974,0.00267974,0.00259284,0.00264796,1268457.22539716,1352157.5784064883
2019-08-28T00:00:00Z,0.00264796,0.00264897,0.0025,0.00257225,1728519.25028339,1381586.6111309358
2019-08-29T00:00:00Z,0.00256727,0.00256727,0.00245,0.00252,1614801.0037248,1408579.1446926002
2019-08-30T00:00:00Z,0.002519,0.00254986,0.002443,0.00251308,756057.32999605,1368887.1004079287
2019-08-31T00:00:00Z,0.00251908,0.00254007,0.002425,0.00246,669681.36990492,1341579.1448533554
2019-09-01T00:00:00Z,0.00248986,0.00252662,0.00244,0.002506,856473.26938624,1353241.594773578
2019-09-02T00:00:00Z,0.00248175,0.00264999,0.00246,0.00261,1200188.73680878,1360067.8116285936
2019-09-03T00:00:00Z,0.00262098,0.0027,0.00254,0.00257422,1725747.87815288,1346792.3066748944
2019-09-04T00:00:00Z,0.00257421,0.00260955,0.00250938,0.00255026,1432467.95797174,1358925.2702741786
2019-09-05T00:00:00Z,0.00255189,0.00261,0.00245001,0.00251319,1518288.4903705,1362820.0639337741
2019-09-06T00:00:00Z,0.00251382,0.00253,0.00239602,0.00246992,2004378.39418423,1424369.817458902
2019-09-07T00:00:00Z,0.00246992,0.00253418,0.00244365,0.00250195,1175904.00637736,1421251.158789318
2019-09-08T00:00:00Z,0.00246498,0.00251,0.00246068,0.00247376,1020828.10041749,1388768.8520010586
2019-09-09T00:00:00Z,0.00247832,0.00248906,0.00242764,0.00247635,944149.10696878,1360556.105768731
2019-09-10T00:00:00Z,0.00247654,0.00247996,0.00241496,0.00241626,999487.0761409,1336145.324770678
2019-09-11T00:00:00Z,0.00241815,0.00245,0.002398,0.00243109,1367075.72983082,1310946.0540473105
2019-09-12T00:00:00Z,0.002429,0.00243687,0.00236,0.002427,1113229.60907028,1273022.667201432
2019-09-13T00:00:00Z,0.002427,0.00243344,0.00237204,0.00242993,1081751.91262507,1272109.5334291647
2019-09-14T00:00:00Z,0.00242959,0.00244,0.002402,0.00243628,605035.73242398,1215311.0537238722
2019-09-15T00:00:00Z,0.00241924,0.00250198,0.0024,0.00249996,1743762.08271061,1241314.2131373025
2019-09-16T00:00:00Z,0.00247526,0.00250089,0.00240852,0.00243554,1382028.15214977,1246992.7594749331
2019-09-17T00:00:00Z,0.00243535,0.00262,0.00239019,0.00256354,2406717.2955095,1280902.6617362385
2019-09-18T00:00:00Z,0.0025631,0.00284794,0.00256234,0.0026963,2733667.98775238,1336846.0109376176
2019-09-19T00:00:00Z,0.0027194,0.002737,0.00255774,0.00270983,1272498.25003172,1362668.0569394012
2019-09-20T00:00:00Z,0.00270102,0.002737,0.002635,0.00267027,874115.69813047,1372889.7733506788
2019-09-21T00:00:00Z,0.00268509,0.0026912,0.00255,0.00259401,1343211.08362499,1397226.6640626162
2019-09-22T00:00:00Z,0.00259872,0.0026,0.0025,0.00257,1293542.11413564,1401894.3329289593
2019-09-23T00:00:00Z,0.00255721,0.00257031,0.00249211,0.00252683,1130576.37369901,1372135.7577062657
2019-09-24T00:00:00Z,0.00249211,0.00254,0.0022,0.0023,1886054.09852885,1394815.0647341213
2019-09-25T00:00:00Z,0.0023,0.00254363,0.002151,0.00225525,2622152.88908451,1450008.2846698216
2019-09-26T00:00:00Z,0.00223991,0.002273,0.00215,0.00219,1071747.74170856,1403376.7520460382
2019-09-27T00:00:00Z,0.00219,0.002258,0.00205,0.002255,1111502.03761112,1400156.653607726
2019-09-28T00:00:00Z,0.002243,0.002275,0.00219458,0.00224432,694375.86762875,1383834.041968289
2019-09-29T00:00:00Z,0.00226298,0.00235001,0.00218407,0.00226911,1643220.7944678,1418787.62634324
2019-09-30T00:00:00Z,0.00226196,0.00247994,0.00224,0.00244393,1341375.11124057,1435882.0280982235
2019-10-01T00:00:00Z,0.0024499,0.00254363,0.00242108,0.00247,1262572.20145587,1430656.851679476
2019-10-02T00:00:00Z,0.00247,0.00251,0.00234,0.00237727,1963385.24813695,1473164.6336328094
2019-10-03T00:00:00Z,0.00237676,0.00238427,0.0022802,0.0023,1016248.54765582,1469889.465384347
2019-10-04T00:00:00Z,0.00231812,0.00237824,0.0023011,0.00235377,521037.34996436,1465689.546261366
2019-10-05T00:00:00Z,0.00236719,0.00237552,0.0023,0.00236007,949144.09805857,1425958.6470287642
2019-10-06T00:00:00Z,0.00236007,0.00245,0.002284,0.0023331,1586174.13382908,1436165.9461127296
2019-10-07T00:00:00Z,0.00232063,0.002465,0.00232046,0.00240699,1486521.10359641,1390156.1365170754
2019-10-08T00:00:00Z,0.00239668,0.00241124,0.00232401,0.00236671,1006397.22868235,1303792.5985635738
2019-10-09T00:00:00Z,0.00235104,0.002392,0.002326,0.002355,995944.61255314,1289964.9166896446
2019-10-10T00:00:00Z,0.002355,0.00236597,0.0022,0.002312,1541836.11303214,1323350.937434728
2019-10-11T00:00:00Z,0.002306,0.0023619,0.002262,0.002319,1085241.4299505,1310452.4547510035
2019-10-12T00:00:00Z,0.00232828,0.00235997,0.00228051,0.00234441,663484.24279857,1278949.56118415
2019-10-13T00:00:00Z,0.00234337,0.002653,0.00234337,0.002479,3448322.64330517,1394836.874664458
2019-10-14T00:00:00Z,0.002479,0.0026427,0.00246,0.00256996,1463058.3549921,1373687.0874876205
2019-10-15T00:00:00Z,0.00256996,0.00264,0.00252504,0.00255,1627523.32333774,1323955.609200282
2019-10-16T00:00:00Z,0.00255768,0.00265,0.0025,0.00265,1227445.65544843,1331740.5048872754
2019-10-17T00:00:00Z,0.00262397,0.00297,0.00262001,0.00283004,3513658.29171595,1451848.317592517
2019-10-18T00:00:00Z,0.00283004,0.00295,0.00267,0.00279873,1421212.84694556,1488190.1665583574
2019-10-19T00:00:00Z,0.00279952,0.0029,0.00276766,0.002805,1158654.5232159,1463961.8529957626
2019-10-20T00:00:00Z,0.00280383,0.00284197,0.002755,0.00276,1298804.73170742,1461833.3340191052
2019-10-21T00:00:00Z,0.00276,0.00278,0.0026524,0.002754,1606228.32008408,1479016.1399505157
2019-10-22T00:00:00Z,0.002755,0.00279995,0.00266,0.00267658,1019446.27891309,1431819.1914893228
2019-10-23T00:00:00Z,0.00267685,0.002724,0.00246,0.00256176,1274501.29809243,1444731.8290111532
2019-10-24T00:00:00Z,0.00256176,0.00266,0.00251879,0.00262798,832461.76398778,1460303.049712324
2019-10-25T00:00:00Z,0.00262794,0.00283,0.0025,0.00273999,2427561.22012843,1534223.905815817
2019-10-26T00:00:00Z,0.00272636,0.0030004,0.00253246,0.00259656,3586561.80513251,1634243.2893809886
2019-10-27T00:00:00Z,0.0026,0.00274828,0.0025072,0.00266767,1954152.66656453,1657624.8675293946
2019-10-28T00:00:00Z,0.00268101,0.00274872,0.00262057,0.0027077,1182245.29849355,1666417.2710199545
2019-10-29T00:00:00Z,0.00269489,0.00270611,0.00261102,0.00263221,1028861.42180888,1668063.1114827415
2019-10-30T00:00:00Z,0.00263224,0.00266241,0.002545,0.00256084,925823.45968589,1637262.478815429
2019-10-31T00:00:00Z,0.0026,0.00269999,0.0025,0.00262143,1506289.0780276,1658314.861219284
2019-11-01T00:00:00Z,0.0026298,0.002649,0.00247858,0.00264443,1868006.39870959,1718540.969014835
2019-11-02T00:00:00Z,0.002644,0.00271,0.002513,0.00259636,1690236.01913374,1630636.6378062633
2019-11-03T00:00:00Z,0.00259349,0.00264312,0.002549,0.00260183,940514.87862224,1604509.4639877705
2019-11-04T00:00:00Z,0.0026,0.00263796,0.00256005,0.00260211,999013.19228857,1573083.957435312
2019-11-05T00:00:00Z,0.00260211,0.002615,0.002558,0.00259441,1470043.02477746,1585213.8259017635
2019-11-06T00:00:00Z,0.00259183,0.00261515,0.002576,0.00259783,1108636.97948976,1464962.760290454
2019-11-07T00:00:00Z,0.00259783,0.00274,0.002576,0.00272256,2850067.24456973,1536405.4801716623
2019-11-08T00:00:00Z,0.00273867,0.00273916,0.0026139,0.0027,1346582.74231265,1545801.8911265
2019-11-09T00:00:00Z,0.0027,0.00275639,0.00265703,0.00272,1527801.75896199,1557251.7424892285
2019-11-10T00:00:00Z,0.00272,0.0028999,0.00264,0.00280443,2013123.52233247,1577596.502601648
2019-11-11T00:00:00Z,0.00281657,0.00281657,0.00264,0.00274995,1309234.0299787,1592085.8901549284
2019-11-12T00:00:00Z,0.00274995,0.00275004,0.00264901,0.002748,1021413.78061179,1579431.5142808964
2019-11-13T00:00:00Z,0.00274799,0.00278726,0.00265714,0.00273245,979875.61558362,1586802.2068606885
2019-11-14T00:00:00Z,0.00273245,0.00279,0.002672,0.00273259,1035196.31897758,1517183.9618031462
2019-11-15T00:00:00Z,0.00273259,0.00274,0.00262688,0.00274,1239087.82954922,1399810.2630239816
2019-11-16T00:00:00Z,0.00274,0.00276,0.00261,0.00274435,1761079.91680323,1390156.6255359165
2019-11-17T00:00:00Z,0.00274435,0.00274435,0.00268,0.00268986,869124.65529725,1374500.5933761015
2019-11-18T00:00:00Z,0.00270987,0.002739,0.00260105,0.00262473,1404226.10384522,1393268.8274779185
2019-11-19T00:00:00Z,0.00263996,0.00268,0.00259004,0.00259004,1230121.04781409,1408483.7068843285
2019-11-20T00:00:00Z,0.00260023,0.0027,0.00258008,0.002602,1422883.08002934,1404313.4069844154
2019-11-21T00:00:00Z,0.00262398,0.00265695,0.0024795,0.00250185,2173165.76409372,1419571.375253622
2019-11-22T00:00:00Z,0.00250245,0.00274397,0.00235,0.00250934,3037851.40858876,1486952.1447263728
2019-11-23T00:00:00Z,0.00247795,0.00259798,0.00245,0.00253129,1746279.99702415,1527240.4006464682
2019-11-24T00:00:00Z,0.00253129,0.00256393,0.00242503,0.00244,2064808.3205766,1580530.1570608697
2019-11-25T00:00:00Z,0.00243666,0.00247695,0.0023,0.00243053,2111739.03421872,1612614.9575329327
2019-11-26T00:00:00Z,0.00240641,0.002452,0.00233652,0.00237442,1560014.22953908,1635183.820035399
2019-11-27T00:00:00Z,0.00237441,0.00248,0.002275,0.002409,2554845.88543732,1620422.7520787786
2019-11-28T00:00:00Z,0.00244406,0.00248,0.00237642,0.00238,1694780.6835389,1637832.649140091
2019-11-29T00:00:00Z,0.00239826,0.00247067,0.002378,0.00247063,1123453.14823888,1617615.2186039353
2019-11-30T00:00:00Z,0.00245395,0.0025,0.0024,0.00244504,1395853.21836398,1586751.7034055109
2019-12-01T00:00:00Z,0.00243499,0.00247993,0.0023,0.0024,1552113.73791069,1598895.6888021105
2019-12-02T00:00:00Z,0.00238832,0.0024,0.00231,0.00231206,1031638.30351681,1599406.9149473612
2019-12-03T00:00:00Z,0.00232603,0.00246001,0.00222505,0.00231279,2208007.02631108,1660813.4854837344
2019-12-04T00:00:00Z,0.0022876,0.00246001,0.00222,0.00222539,2779906.57226471,1748048.9981480907
2019-12-05T00:00:00Z,0.00224764,0.00245,0.0022,0.00229925,3477524.86733067,1859970.8500371631
2019-12-06T00:00:00Z,0.00231781,0.0024,0.00221905,0.00225793,2157540.52027795,1879793.8802108988
2019-12-07T00:00:00Z,0.00228496,0.0024,0.00225,0.002345,1809130.61695786,1926794.1782939292
2019-12-08T00:00:00Z,0.00235999,0.0024,0.002279,0.00232991,1287372.28115755,1920951.4871595458
2019-12-09T00:00:00Z,0.00232996,0.00233995,0.00225114,0.00228881,1427555.19279932,1930823.1944088072
2019-12-10T00:00:00Z,0.00228955,0.00229503,0.00214201,0.00221995,1498184.90045278,1934588.2854299792
2019-12-11T00:00:00Z,0.00221995,0.00231999,0.00217,0.0022148,1572634.51329973,1904561.7228902797
2019-12-12T00:00:00Z,0.00223996,0.0023,0.00219326,0.002255,1318141.26764722,1818576.215843203
2019-12-13T00:00:00Z,0.00224008,0.00229995,0.00223,0.0022777,1389962.93085747,1800760.362534869
2019-12-14T00:00:00Z,0.00225515,0.0022999,0.0022,0.00223699,1047546.54371421,1749897.2736917497
2019-12-15T00:00:00Z,0.00223112,0.00226,0.00218,0.00224586,1303479.6868528,1709484.3063234533
2019-12-16T00:00:00Z,0.00224892,0.00228,0.0022,0.00222405,1778894.93871306,1720428.3417821522
2019-12-17T00:00:00Z,0.00222562,0.00226,0.00209281,0.00211382,2395573.95125332,1712464.7450729522
2019-12-18T00:00:00Z,0.002114,0.002179,0.00206587,0.002179,1821628.7656131,1718807.1491766623
2019-12-19T00:00:00Z,0.00217,0.0022,0.00210524,0.00215823,1370987.08677406,1731183.8461034216
2019-12-20T00:00:00Z,0.00213686,0.00219568,0.0021,0.00213496,1827678.14635254,1752775.0925028496
2019-12-21T00:00:00Z,0.00213496,0.00215,0.002,0.00215,1624171.88877455,1756378.0000460423
2019-12-22T00:00:00Z,0.00215,0.00217995,0.00212225,0.00217995,1196550.74236499,1764623.621988451
2019-12-23T00:00:00Z,0.00217995,0.0022,0.00212529,0.00213647,1464382.1802273,1727442.379684262
2019-12-24T00:00:00Z,0.00213221,0.0021799,0.00210002,0.00210002,2559551.33861674,1716424.6180018634
2019-12-25T00:00:00Z,0.00211388,0.0021799,0.00207901,0.0021579,1762189.66719033,1630657.8579948463
2019-12-26T00:00:00Z,0.00213653,0.0021777,0.001888,0.00214206,2579922.64586934,1651776.9642744157
2019-12-27T00:00:00Z,0.00212408,0.00215764,0.00178361,0.00215705,4329027.26260191,1777771.7965566185
2019-12-28T00:00:00Z,0.00213993,0.00217555,0.00212,0.0021511,1665437.70454753,1796675.0677261173
2019-12-29T00:00:00Z,0.0021511,0.0021788,0.0021001,0.00213,2166206.90061859,1833607.6531170807
2019-12-30T00:00:00Z,0.00213,0.00215,0.00206931,0.00209107,2070613.14746505,1862229.0654676943
2019-12-31T00:00:00Z,0.00209107,0.00209895,0.0018,0.00207,3099297.08895158,1938562.1942502868
2020-01-01T00:00:00Z,0.00207,0.00214499,0.00205,0.00214499,1448150.38565689,1945062.6501507703
2020-01-02T00:00:00Z,0.00213005,0.002145,0.001901,0.00209,4965362.93941941,2123832.650578867
2020-01-03T00:00:00Z,0.00209,0.00213,0.00207104,0.00212995,1474416.06943974,2145176.126865144
2020-01-04T00:00:00Z,0.00212098,0.0021632,0.00208163,0.00214075,1747296.64510795,2167366.974777901
2020-01-05T00:00:00Z,0.00214095,0.00216,0.002,0.00212826,2607649.3945981,2208804.697572153
2020-01-06T00:00:00Z,0.00214317,0.002225,0.0021101,0.00219,2176325.76464403,2197842.2882416886
2020-01-07T00:00:00Z,0.00219,0.00225,0.00216156,0.00219178,2708247.09073938,2242173.2044980023
2020-01-08T00:00:00Z,0.00220712,0.00225,0.002161,0.0022,1481288.07193851,2247688.2537562246
2020-01-09T00:00:00Z,0.0022,0.00225,0.00213,0.00222886,2015915.49524181,2257100.1212006886
2020-01-10T00:00:00Z,0.00221777,0.0023,0.00219,0.0023,1212227.11714549,2236502.8826192357
2020-01-11T00:00:00Z,0.00230134,0.00235274,0.00225225,0.00231,1287101.69970856,2241030.430486414
2020-01-12T00:00:00Z,0.00231,0.0023489,0.0022351,0.00232386,906723.28615238,2213147.485782668
2020-01-13T00:00:00Z,0.0023123,0.002345,0.00222069,0.00229,1252155.55367345,2147777.696535503
2020-01-14T00:00:00Z,0.002279,0.0024,0.00225,0.00238966,1950030.36168815,2157169.731260394
2020-01-15T00:00:00Z,0.0023897,0.00252372,0.00237182,0.00247,1706622.94733217,2113504.746333536
2020-01-16T00:00:00Z,0.00247,0.00249,0.00233,0.00239225,1606758.64647298,1977391.3155270896
2020-01-17T00:00:00Z,0.0024024,0.00262,0.00236,0.0025499,2173544.24326843,2002796.6424631346
2020-01-18T00:00:00Z,0.00254481,0.00264,0.002465,0.00258083,1981997.4470897,1993586.1697866903
2020-01-19T00:00:00Z,0.00258172,0.0026499,0.00238,0.00250496,1737097.6313056,1976910.3939787175
2020-01-20T00:00:00Z,0.00249996,0.0025452,0.00221044,0.00245016,1984670.35247698,1921179.0571549875
2020-01-21T00:00:00Z,0.00245306,0.00255,0.0024,0.00242544,1119711.61021783,1904757.1183830344
2020-01-22T00:00:00Z,0.00242544,0.00246986,0.00235,0.00243406,1426441.70001878,1727811.0564130028
2020-01-23T00:00:00Z,0.00242195,0.00243,0.00230011,0.00233,882366.18402621,1698208.5621423263
2020-01-24T00:00:00Z,0.002325,0.00237,0.0023,0.00232475,860307.48248142,1653859.1040109997
2020-01-25T00:00:00Z,0.00233116,0.00235,0.00222222,0.00233831,1226325.4246329,1584792.9055127397
2020-01-26T00:00:00Z,0.00233847,0.00239,0.00230231,0.00237351,757777.94587946,1513865.5145745112
2020-01-27T00:00:00Z,0.0023617,0.002456,0.0023023,0.00243151,1461934.80636163,1451549.9003556236
2020-01-28T00:00:00Z,0.00243168,0.002472,0.00237,0.00244001,1564350.44176294,1455703.018846845
2020-01-29T00:00:00Z,0.00246508,0.002515,0.00238,0.00243297,1692875.02543587,1439550.995356548
2020-01-30T00:00:00Z,0.00242,0.0025274,0.00238,0.002395,1505582.56621722,1454218.7678101347
2020-01-31T00:00:00Z,0.00240645,0.002439,0.002365,0.0024,1120435.92299814,1445885.4789746138
2020-02-01T00:00:00Z,0.00239848,0.00244,0.00236,0.002429,1441793.3787819,1472638.9836060896
2020-02-02T00:00:00Z,0.00241,0.002545,0.00236,0.00251014,2150059.22720043,1517534.1672824386
2020-02-03T00:00:00Z,0.0025101,0.00251919,0.002444,0.00248087,1301663.05508979,1485115.8019525206
2020-02-04T00:00:00Z,0.00248087,0.00251921,0.00245,0.00251921,1491768.05129491,1474373.0571506578
2020-02-05T00:00:00Z,0.00252,0.00263595,0.0025052,0.0026002,3893531.53439165,1588711.7015465912
2020-02-06T00:00:00Z,0.00260019,0.0027498,0.0026,0.00271,1837808.20961956,1571924.8998641477
2020-02-07T00:00:00Z,0.00268913,0.00274999,0.002621,0.00274278,3726131.21069416,1659131.5880443705
2020-02-08T00:00:00Z,0.00274278,0.003199,0.002619,0.00314,4794168.67787053,1811985.1403726167
2020-02-09T00:00:00Z,0.00311069,0.00341642,0.003013,0.00315486,4573946.69091231,1941448.9572943836
2020-02-10T00:00:00Z,0.00315486,0.00347,0.00291,0.00297,5057834.25258809,2138355.0894128964
2020-02-11T00:00:00Z,0.00297,0.00314184,0.00291,0.0030396,1183781.57569227,2126222.0831965706
2020-02-12T00:00:00Z,0.0030396,0.0032,0.003,0.00310146,2597800.37650045,2211993.7928202827
2020-02-13T00:00:00Z,0.00309504,0.00318655,0.002923,0.0030299,1657784.76777574,2251867.6570849987
2020-02-14T00:00:00Z,0.00302004,0.00314,0.00296,0.00311,1111677.96799,2246135.2842528536
2020-02-15T00:00:00Z,0.003105,0.00312,0.0029111,0.00294025,1299462.15023201,2273219.4944704813
2020-02-16T00:00:00Z,0.00291114,0.00309,0.0027,0.00274,1403210.56978826,2270283.2826418127
2020-02-17T00:00:00Z,0.002741,0.00292,0.0026111,0.00273156,1699801.77667197,2277055.8493872643
2020-02-18T00:00:00Z,0.00273156,0.0029,0.0027,0.00284945,1340025.5148111,2259413.3738560257
2020-02-19T00:00:00Z,0.00284945,0.0028495,0.00269461,0.00273963,1054019.48599692,2236835.2198450104
2020-02-20T00:00:00Z,0.0027242,0.002841,0.00265,0.00272798,803629.528276,2220994.900108903
2020-02-21T00:00:00Z,0.0027094,0.00282,0.0026,0.0027362,1611387.39138043,2229474.60073883
2020-02-22T00:00:00Z,0.0027336,0.002756,0.00262001,0.00269,796046.01350476,2161773.9400540465
2020-02-23T00:00:00Z,0.00266611,0.00278891,0.00265301,0.0027,1183879.03959645,2155884.7392793796
2020-02-24T00:00:00Z,0.0027,0.00272789,0.002621,0.00265996,1129288.62047701,2137760.767738485
2020-02-25T00:00:00Z,0.00264147,0.00266995,0.002532,0.00259995,1047593.64793461,1995463.8734156329
2020-02-26T00:00:00Z,0.00259995,0.00259995,0.00235,0.00242093,1906166.98461584,1998881.812165447
2020-02-27T00:00:00Z,0.00241163,0.0026,0.00235,0.002459,1600591.08686787,1892604.8059741326
2020-02-28T00:00:00Z,0.002459,0.0025298,0.00235001,0.00245714,1360659.35678069,1720929.3399196404
2020-02-29T00:00:00Z,0.00242001,0.00249999,0.00235001,0.00239993,1048205.70357303,1544642.2905526764
2020-03-01T00:00:00Z,0.002395,0.00245,0.00232588,0.00239166,1310597.58338492,1357280.457092518
2020-03-02T00:00:00Z,0.00239,0.00247996,0.00234,0.00245,827914.74950018,1339487.1157829135
2020-03-03T00:00:00Z,0.00245,0.002545,0.00240001,0.002515,1262835.27925456,1272738.860920619
2020-03-04T00:00:00Z,0.002515,0.002515,0.0024,0.00247977,1121119.93650639,1245905.6193571514
2020-03-05T00:00:00Z,0.00244002,0.00259,0.00244002,0.00258821,1188021.16732421,1249722.7793238622
2020-03-06T00:00:00Z,0.00256002,0.00258826,0.002511,0.00255489,558481.36857761,1212673.7402411422
2020-03-07T00:00:00Z,0.00255597,0.00258821,0.0025,0.00256427,1070425.18380082,1196034.4709417704
2020-03-08T00:00:00Z,0.002565,0.0025685,0.00233,0.00235,2133993.97771865,1217744.0809941045
2020-03-09T00:00:00Z,0.002375,0.0024185,0.0022432,0.00229398,2105139.76570234,1255999.7935386666
2020-03-10T00:00:00Z,0.00229398,0.00235,0.00225,0.00231126,1098021.64659566,1258199.9015686035
2020-03-11T00:00:00Z,0.00231387,0.00232,0.00222096,0.0022709,618107.84976353,1248923.81764298
2020-03-12T00:00:00Z,0.0022999,0.0022999,0.00168311,0.00168311,7720403.08971643,1554374.6025597802
2020-03-13T00:00:00Z,0.00168319,0.002149,0.00135832,0.001935,5051611.02985367,1767152.8533772256
2020-03-14T00:00:00Z,0.001935,0.00202995,0.00185,0.001851,983671.29602572,1757142.466198689
2020-03-15T00:00:00Z,0.00185035,0.001983,0.001817,0.0018378,1039703.7474853,1752663.2225491037
2020-03-16T00:00:00Z,0.00183474,0.001911,0.00161,0.00177,1660346.82248952,1783300.8812768492
2020-03-17T00:00:00Z,0.00182,0.0019545,0.00172184,0.00175,1135281.26871247,1744756.5954816807
2020-03-18T00:00:00Z,0.00174978,0.001794,0.00164,0.00177898,1096575.16200799,1719555.7992386867
2020-03-19T00:00:00Z,0.00173467,0.001949,0.00168005,0.00189,2182870.392304,1760666.351014852
2020-03-20T00:00:00Z,0.00188997,0.002049,0.00175,0.00186255,3826162.48455434,1899564.1900639175
2020-03-21T00:00:00Z,0.00186893,0.00192495,0.00175,0.00185998,1570654.93409616,1912567.0575994798
2020-03-22T00:00:00Z,0.00185134,0.00189997,0.00181,0.001857,727740.3828436,1907558.3392666508
2020-03-23T00:00:00Z,0.00188995,0.001955,0.00178,0.00193003,2205927.51764199,1954712.9511860223
2020-03-24T00:00:00Z,0.00193001,0.002,0.0019,0.00193004,1356202.48469099,1966467.078595252
2020-03-25T00:00:00Z,0.00193077,0.00197,0.00183,0.00190854,1065874.39697316,1960359.7400776998
2020-03-26T00:00:00Z,0.00190854,0.00195,0.0018,0.00190809,1240937.86973684,1994482.5651356615
2020-03-27T00:00:00Z,0.00190809,0.00192,0.00185,0.00186,1030507.79281021,1992486.6955861312
2020-03-28T00:00:00Z,0.00185999,0.00188,0.00179254,0.00187495,1162536.61932032,1943913.8276662144
2020-03-29T00:00:00Z,0.00187,0.00187489,0.00178,0.00180865,428989.76104748,1860106.3274334718
2020-03-30T00:00:00Z,0.00181999,0.00192598,0.00180317,0.00188,1719397.23839696,1891175.1070235367
2020-03-31T00:00:00Z,0.001895,0.00193,0.00185,0.00192995,1237575.96481342,1922148.5127760314
2020-04-01T00:00:00Z,0.00191239,0.001925,0.00184005,0.001925,1408287.49430509,1606542.7330054643
2020-04-02T00:00:00Z,0.001926,0.00195,0.001891,0.00195,779201.37586151,1392922.2503058563
2020-04-03T00:00:00Z,0.001935,0.001942,0.0019019,0.001911,982690.87475723,1392873.229242432
2020-04-04T00:00:00Z,0.001906,0.00191,0.00178,0.001905,2827558.40189008,1482265.961962671
2020-04-05T00:00:00Z,0.001905,0.00191754,0.00185156,0.00188998,687668.00604349,1433632.0211403696
2020-04-06T00:00:00Z,0.00187225,0.00199999,0.00186112,0.00199372,2422487.43164852,1497992.329287172
2020-04-07T00:00:00Z,0.00199405,0.00204,0.00194985,0.00202995,1960147.22073368,1541170.9322234564
2020-04-08T00:00:00Z,0.00200004,0.00206117,0.00197,0.00206117,1116280.30881093,1487841.428048803
2020-04-09T00:00:00Z,0.00205092,0.00207,0.002,0.00203485,875091.32201894,1340287.869922033
2020-04-10T00:00:00Z,0.002015,0.00205,0.0019,0.00202212,1796193.83197435,1351564.8148159427
2020-04-11T00:00:00Z,0.00199,0.002032,0.001921,0.00198,833886.30853586,1356872.1111005556
2020-04-12T00:00:00Z,0.00198992,0.002078,0.00192111,0.00204204,1464593.3962371,1319805.405030311
2020-04-13T00:00:00Z,0.00204204,0.00204204,0.00195,0.002027,1276172.08498599,1315803.8850450611
2020-04-14T00:00:00Z,0.002027,0.00205,0.00196,0.002,1181345.67587491,1321577.4489901487
2020-04-15T00:00:00Z,0.00197472,0.00203477,0.00196,0.001985,821350.19429008,1300598.0652178107
2020-04-16T00:00:00Z,0.001985,0.00213,0.00198,0.00206937,1729479.18246428,1335546.6347005141
2020-04-17T00:00:00Z,0.00209,0.002099,0.00202,0.00206,1133835.59258762,1334111.583363879
2020-04-18T00:00:00Z,0.00204975,0.0020919,0.00204,0.00205946,738957.31865862,1349609.9612444362
2020-04-19T00:00:00Z,0.00207592,0.00207777,0.00201,0.002044,980661.08310008,1312673.1534795922
2020-04-20T00:00:00Z,0.00203,0.00206999,0.00201,0.00204995,618488.20242773,1281718.7653603076
2020-04-21T00:00:00Z,0.00204995,0.00204995,0.002003,0.00201,616297.01877698,1242119.2415839022
2020-04-22T00:00:00Z,0.00203999,0.00205,0.002008,0.00201005,762326.91302236,1241275.5184419448
2020-04-23T00:00:00Z,0.00202711,0.00212946,0.002011,0.00205,3426913.3665512,1363486.6430316432
2020-04-24T00:00:00Z,0.002051,0.00208,0.00203022,0.00208,1029351.33941878,1273576.2899080783
2020-04-25T00:00:00Z,0.00208,0.0022,0.00206,0.00216598,1338976.57397299,1306141.7183045533
2020-04-26T00:00:00Z,0.00214421,0.00240833,0.00213923,0.00238443,2840097.8840733,1327022.2409257921
2020-04-27T00:00:00Z,0.0024,0.00249,0.00226,0.002352,1747277.29388597,1316378.7445834067
2020-04-28T00:00:00Z,0.002352,0.0026,0.0023,0.00233998,2711436.22993557,1396136.5406396387
2020-04-29T00:00:00Z,0.00234,0.002547,0.002313,0.00246629,2020999.26289135,1453431.9376832591
2020-04-30T00:00:00Z,0.00244185,0.002645,0.00236612,0.00246,1678976.15395009,1447571.0537820463
2020-05-01T00:00:00Z,0.00249998,0.00252714,0.00242015,0.002497,770929.87356853,1444423.2320336797
2020-05-02T00:00:00Z,0.00247232,0.002561,0.00242005,0.002561,2220472.5529732,1482217.1898704846
2020-05-03T00:00:00Z,0.002562,0.002567,0.002494,0.00253,708823.16633057,1453849.7439377136
2020-05-04T00:00:00Z,0.00252495,0.00252495,0.00235,0.00243,1378108.18270969,1463687.8692794526
2020-05-05T00:00:00Z,0.00242515,0.00247398,0.00231,0.00246,720494.98523222,1458645.1088265595
2020-05-06T00:00:00Z,0.00245998,0.00253,0.00243,0.00248202,2516532.51267043,1497997.7753368672
2020-05-07T00:00:00Z,0.00251998,0.00268311,0.00247,0.00260602,1817238.12472784,1532167.9019438783
2020-05-08T00:00:00Z,0.002606,0.00266,0.00255,0.00262001,1002963.82934314,1545368.2274781042
2020-05-09T00:00:00Z,0.00262001,0.00264998,0.00257302,0.00262,330100.28330057,1512840.187488129
2020-05-10T00:00:00Z,0.00262,0.00262,0.00227501,0.002452,1686681.59817147,1566249.8572753158
2020-05-11T00:00:00Z,0.002474,0.00253995,0.00226,0.00241,1276497.12069107,1599259.8623710203
2020-05-12T00:00:00Z,0.0024,0.00253989,0.00235,0.00251,763484.03174377,1599317.7183070905
2020-05-13T00:00:00Z,0.00251653,0.0025704,0.00245,0.00256,686173.46924462,1462280.7234417617
2020-05-14T00:00:00Z,0.00256924,0.0026311,0.00250706,0.00254606,1263919.07344379,1474009.1101430121
2020-05-15T00:00:00Z,0.00255,0.00260499,0.00248,0.00251,748626.82268345,1444491.6225785352
2020-05-16T00:00:00Z,0.00250152,0.00258,0.00246105,0.00246105,739623.880705,1339467.9224101203
2020-05-17T00:00:00Z,0.00248671,0.00257995,0.00239,0.00254,1146010.47029021,1309404.5812303324
2020-05-18T00:00:00Z,0.00253538,0.00256922,0.00248,0.002561,732529.74334283,1210459.2569006954
2020-05-19T00:00:00Z,0.002561,0.00259999,0.00252142,0.00258,864687.47118078,1152643.667315167
2020-05-20T00:00:00Z,0.00258,0.00258695,0.00250633,0.00253,749109.39228712,1106150.3292320184
2020-05-21T00:00:00Z,0.00253,0.002603,0.00243,0.002466,1886923.96179892,1161950.033643538
2020-05-22T00:00:00Z,0.00249998,0.00254,0.00247002,0.0025258,626953.71611416,1082274.0918005859
2020-05-23T00:00:00Z,0.0025258,0.0025445,0.002499,0.00253536,535448.48923504,1073605.3579458096
2020-05-24T00:00:00Z,0.00253536,0.00254,0.00246245,0.00246245,575411.35136681,1033470.5163786656
2020-05-25T00:00:00Z,0.00246245,0.002545,0.00244512,0.00251001,619246.36316172,1028408.0852751406
2020-05-26T00:00:00Z,0.00251,0.00255,0.00250154,0.00255,376989.33530933,921430.9264070855
2020-05-27T00:00:00Z,0.0025492,0.0025492,0.002444,0.00248002,620268.95702613,861582.468022
2020-05-28T00:00:00Z,0.00250982,0.00256922,0.00249,0.00254485,723084.55484433,847588.5042970596
2020-05-29T00:00:00Z,0.00252002,0.002619,0.00249,0.00253798,1329921.58207923,897579.5692359926
2020-05-30T00:00:00Z,0.00251304,0.002674,0.002495,0.00263302,1027380.6095089,864614.5198028641
2020-05-31T00:00:00Z,0.00264098,0.00264098,0.002571,0.00257602,717315.36878015,836655.432207318
2020-06-01T00:00:00Z,0.00257602,0.002625,0.002538,0.00259678,1094695.63775686,853216.0125079725
2020-06-02T00:00:00Z,0.002596,0.00263484,0.002515,0.002525,1252825.83179592,881548.6306355376
2020-06-03T00:00:00Z,0.00255798,0.00260099,0.00251,0.00255,585850.88024128,847645.220975412
2020-06-04T00:00:00Z,0.00257998,0.002662,0.0025528,0.00263998,1648558.376264,892641.7986544395
2020-06-05T00:00:00Z,0.00263998,0.002649,0.00257,0.0026031,982622.92339705,904791.750789042
2020-06-06T00:00:00Z,0.0026,0.00264535,0.00257,0.002601,647806.49625904,879881.5520874836
2020-06-07T00:00:00Z,0.002601,0.00260994,0.00253,0.00259,866906.99169007,886600.4145048454
2020-06-08T00:00:00Z,0.00257001,0.00259999,0.00254005,0.00256,418255.50738751,864278.8163151819
2020-06-09T00:00:00Z,0.00256,0.00259795,0.00252,0.00253918,526161.0038034,853131.3968909958
2020-06-10T00:00:00Z,0.00253539,0.002598,0.00251,0.00259555,610173.2641442,789293.8620082599
2020-06-11T00:00:00Z,0.00256002,0.002609,0.002456,0.00245602,1958744.4161733,855883.397011217
2020-06-12T00:00:00Z,0.00245602,0.002535,0.00245008,0.002508,635154.52366438,860868.698732684
2020-06-13T00:00:00Z,0.002485,0.00253,0.002458,0.002525,520886.66930551,858142.464629619
2020-06-14T00:00:00Z,0.0025,0.00252477,0.00245597,0.00246767,502230.08541781,852291.6507424235
2020-06-15T00:00:00Z,0.00246765,0.00252,0.00244,0.00249,734524.76086185,870168.4220200495
2020-06-16T00:00:00Z,0.00249,0.00254998,0.00246503,0.00252,720373.53860051,875173.6510987685
2020-06-17T00:00:00Z,0.00252,0.00253995,0.00245,0.002515,1193339.05030341,898686.3758717224
2020-06-18T00:00:00Z,0.002515,0.00251999,0.002465,0.0024706,439114.66778705,854146.0301571134
2020-06-19T00:00:00Z,0.00251,0.002513,0.00247,0.0025125,1353685.86005938,870461.2926846374
2020-06-20T00:00:00Z,0.00248002,0.002513,0.00246,0.00247,605499.16752867,864870.4826220634
2020-06-21T00:00:00Z,0.00246765,0.0025,0.00244512,0.00245005,441763.80171201,832223.8908198208
2020-06-22T00:00:00Z,0.002485,0.00251,0.00244101,0.002476,487468.28453977,793956.0134570134
2020-06-23T00:00:00Z,0.002475,0.002475,0.0024013,0.00247495,962028.60659983,812764.8997749409
2020-06-24T00:00:00Z,0.0024735,0.002486,0.00241011,0.00241013,802715.02473821,770472.7321986513
2020-06-25T00:00:00Z,0.00241013,0.002467,0.0024,0.00245431,547503.30274216,748716.7511659069
2020-06-26T00:00:00Z,0.00243002,0.00246917,0.00235,0.00239899,725273.82869864,752590.117787887
2020-06-27T00:00:00Z,0.00239993,0.00243,0.002335,0.00238,788019.37044823,748645.736725795
2020-06-28T00:00:00Z,0.00237,0.002424,0.00233002,0.00239149,329072.58996175,744186.590854507
2020-06-29T00:00:00Z,0.00236002,0.00251,0.00235,0.002373,1224134.35490301,779085.2584094875
2020-06-30T00:00:00Z,0.002373,0.002388,0.002278,0.00238,1233633.77770673,810258.2840876139
2020-07-01T00:00:00Z,0.00235,0.00243895,0.00224999,0.00235236,1425769.40033317,783609.5332956074
2020-07-02T00:00:00Z,0.00236005,0.002385,0.0022,0.00233,1214509.87227969,812577.300726373
2020-07-03T00:00:00Z,0.002335,0.00238333,0.0023,0.00235411,772970.69831625,825181.5021769099
2020-07-04T00:00:00Z,0.00235245,0.002372,0.00229001,0.00234444,768816.21726126,838510.8087690824
2020-07-05T00:00:00Z,0.00236997,0.00237,0.00232,0.002343,426636.09277038,823116.3753645091
2020-07-06T00:00:00Z,0.002343,0.00252898,0.00232005,0.00252898,1656774.05332982,869936.4011009745
2020-07-07T00:00:00Z,0.00249519,0.003,0.00249,0.00288841,6118440.73173977,1116191.4851727926
2020-07-08T00:00:00Z,0.00288841,0.0054,0.00288841,0.00477982,34216691.64955612,2805070.334261246
2020-07-09T00:00:00Z,0.00477,0.0048746,0.0040777,0.00425001,4513420.3071284,2963057.056614697
2020-07-10T00:00:00Z,0.00425001,0.00425001,0.0033,0.00364487,3660480.3943563,3115806.1179560786
2020-07-11T00:00:00Z,0.00364863,0.00393115,0.00331,0.00377,1601590.41176996,3173797.448458976
2020-07-12T00:00:00Z,0.00387,0.00388,0.0036,0.00361017,635001.35668322,3181174.102066149
2020-07-13T00:00:00Z,0.00361,0.00361,0.00303,0.00319,5133356.29287966,3389740.4863801403
2020-07-14T00:00:00Z,0.00318,0.00345,0.00305,0.00326,1393789.13570459,3419294.19192846
2020-07-15T00:00:00Z,0.00325,0.0035,0.00302,0.00313,1573295.05221421,3470583.7794020623
2020-07-16T00:00:00Z,0.00312,0.00312,0.0028978,0.003,616863.20527949,3465163.2482311046
2020-07-17T00:00:00Z,0.00297002,0.0030801,0.00290001,0.00307964,353695.28907438,3443447.044162412
2020-07-18T00:00:00Z,0.00307998,0.0036,0.00307998,0.00356999,3013058.05577627,3577646.3174531376
2020-07-19T00:00:00Z,0.00349003,0.003595,0.00328,0.00342,1450627.84187334,3588970.991801654
2020-07-20T00:00:00Z,0.00342995,0.00344,0.0031,0.00318049,672911.43482045,3560934.8746573394
2020-07-21T00:00:00Z,0.0031805,0.0033,0.00318049,0.00328,1744216.39857069,3576857.2245692154
2020-07-22T00:00:00Z,0.00328,0.00328474,0.00315,0.00326,750281.38317386,3553645.800113924
2020-07-23T00:00:00Z,0.00323192,0.00338365,0.0032,0.00330999,1464884.09488959,3588241.469942591
2020-07-24T00:00:00Z,0.00334039,0.00334039,0.00317,0.003192,1044457.08233159,3602023.513196108
2020-07-25T00:00:00Z,0.003192,0.00334,0.00317,0.00318002,665669.67644158,3613975.1923796674
2020-07-26T00:00:00Z,0.00324998,0.00345,0.003162,0.00318,2512406.48786929,3656756.814106641
2020-07-27T00:00:00Z,0.00318319,0.00330723,0.00310002,0.00322975,1616455.07936226,3431657.5314877657
2020-07-28T00:00:00Z,0.00316209,0.00322973,0.00315,0.00321,630348.59030843,1752340.3785253812
2020-07-29T00:00:00Z,0.00321,0.00331135,0.00315,0.00321325,1470129.44211039,1600175.8352744807
2020-07-30T00:00:00Z,0.00321325,0.00322,0.00314,0.00318998,608993.05541923,1447601.468327627
2020-07-31T00:00:00Z,0.00318998,0.00323193,0.00307,0.00319998,2668456.70720125,1500944.7830991917
2020-08-01T00:00:00Z,0.00319998,0.00376988,0.00319998,0.00362011,4130211.76940114,1675705.3037350876
2020-08-02T00:00:00Z,0.00362102,0.00372,0.00325,0.00337992,1679903.23922871,1503032.6510525402
2020-08-03T00:00:00Z,0.00337992,0.0035,0.00335317,0.00341898,735941.0620685,1470140.2473707355
2020-08-04T00:00:00Z,0.003419,0.00355,0.00335323,0.00345637,709414.38014746,1426946.2137673981
2020-08-05T00:00:00Z,0.003509,0.0036,0.00345002,0.00354998,798961.50195722,1436051.1286012845
2020-08-06T00:00:00Z,0.00349058,0.003619,0.00346,0.00359798,630337.97501388,1449883.2628982593
2020-08-07T00:00:00Z,0.00359922,0.00359941,0.0034,0.00352831,1533011.21060474,1375880.9206396828
2020-08-08T00:00:00Z,0.00352732,0.0035772,0.00345,0.00350983,793747.4140453,1343036.8992482808
2020-08-09T00:00:00Z,0.00350983,0.00354999,0.0034,0.00344,554805.45646807,1337131.6003306617
2020-08-10T00:00:00Z,0.00344,0.003578,0.00343683,0.00343683,1059214.72830482,1302881.516817368
2020-08-11T00:00:00Z,0.00349909,0.00354,0.00335499,0.00341838,1412217.58352946,1335978.3268351483
2020-08-12T00:00:00Z,0.00341524,0.00350983,0.00331631,0.00344001,934908.29474536,1309479.5368279368
2020-08-13T00:00:00Z,0.00344001,0.00353,0.00336,0.00352,448095.92540802,1279661.4789817582
2020-08-14T00:00:00Z,0.00345911,0.00355,0.003449,0.00355,670091.16743438,1279882.5535313983
2020-08-15T00:00:00Z,0.003549,0.003682,0.003444,0.00353,789798.69198991,1193752.1637374293
2020-08-16T00:00:00Z,0.00353,0.00360064,0.00348226,0.00350112,381217.67970076,1131990.2937543544
2020-08-17T00:00:00Z,0.0035011,0.00375,0.00342477,0.0036,2013316.45551205,1201138.6870145353
2020-08-18T00:00:00Z,0.00359401,0.00365604,0.00348535,0.0035,1186593.59922862,1186961.8948704468
2020-08-19T00:00:00Z,0.00355998,0.00359,0.00339,0.00344932,836370.475443,1198330.7658716354
2020-08-20T00:00:00Z,0.00344932,0.00355,0.00340203,0.00344,288972.18443065,1079356.5397331056
2020-08-21T00:00:00Z,0.00342477,0.00354645,0.0034,0.00345947,856369.27155047,915664.4148405719
2020-08-22T00:00:00Z,0.00340002,0.00348,0.00335,0.00347,344896.86001845,848914.095880059
2020-08-23T00:00:00Z,0.00342001,0.003439,0.00335152,0.0034376,934081.31531184,858821.108542226
2020-08-24T00:00:00Z,0.00338045,0.003439,0.00334199,0.00338105,227063.19835815,834703.5494527605
2020-08-25T00:00:00Z,0.00338105,0.00343492,0.00316,0.00332256,814896.96504644,835500.3226072214
2020-08-26T00:00:00Z,0.00326041,0.00335,0.0032,0.003337,311975.41535699,819582.194624377
2020-08-27T00:00:00Z,0.003337,0.00334277,0.00316005,0.00316005,431821.37865206,764522.7030267429
2020-08-28T00:00:00Z,0.00321,0.0032893,0.00314,0.00323997,863691.02584759,768019.8836168575
2020-08-29T00:00:00Z,0.00319063,0.00338,0.00319061,0.00330998,738600.54872411,777209.6382296594
2020-08-30T00:00:00Z,0.00326003,0.0033777,0.00322312,0.00332944,990103.56562314,773754.0800955754
2020-08-31T00:00:00Z,0.00335355,0.00343761,0.00314,0.00327,1229523.64101966,764619.3829700854
2020-09-01T00:00:00Z,0.00326002,0.00343761,0.0032,0.00330667,2273046.6645058,831526.3014581074
2020-09-02T00:00:00Z,0.00330669,0.00331,0.0031,0.00315984,806868.83041775,849464.9467085939
2020-09-03T00:00:00Z,0.00315984,0.0033,0.00280001,0.00280001,1408136.63599144,886367.2201364469
2020-09-04T00:00:00Z,0.00280001,0.003,0.002774,0.0029,934392.77721544,893596.9243977234
2020-09-05T00:00:00Z,0.00289,0.00298,0.00271563,0.00273421,646496.0692605,906860.8438757105
2020-09-06T00:00:00Z,0.00276601,0.0028482,0.0027,0.00278101,632936.92666563,837841.8674333894
2020-09-07T00:00:00Z,0.00281998,0.00282999,0.00267889,0.00281998,663150.0258087,811669.6887623934
2020-09-08T00:00:00Z,0.00281998,0.00282,0.0026972,0.00274998,936538.70942715,816678.1004616009
2020-09-09T00:00:00Z,0.00275,0.00281279,0.00271563,0.00276005,249270.02679515,814692.9925798259
2020-09-10T00:00:00Z,0.0027921,0.00285002,0.00277023,0.002832,581942.13003285,800971.635503945
2020-09-11T00:00:00Z,0.002832,0.00296,0.00272,0.00282,1481050.81568876,857779.3332874605
2020-09-12T00:00:00Z,0.00283,0.00284,0.00274131,0.00282888,371608.04788644,829655.6699161906
2020-09-13T00:00:00Z,0.00282888,0.0029,0.00275328,0.00282998,597481.24422996,848176.572209781
2020-09-14T00:00:00Z,0.00279007,0.00284999,0.00276005,0.00277168,491338.23497916,831998.635706417
2020-09-15T00:00:00Z,0.0028,0.00293,0.00277,0.00280005,492050.88380105,841002.40912862
2020-09-16T00:00:00Z,0.00284,0.00293,0.00280005,0.00282,604708.61396943,849646.7708944886
2020-09-17T00:00:00Z,0.00282,0.0029,0.002779,0.002785,736744.13271579,843299.4262378985
2020-09-18T00:00:00Z,0.00282,0.00296,0.002782,0.00283,1013575.6494791,857048.1812756481
2020-09-19T00:00:00Z,0.00283,0.00293,0.0028,0.00285071,652309.46565932,840158.476277457
2020-09-20T00:00:00Z,0.00281003,0.0029,0.002751,0.00276002,817690.69211651,819566.8288322994
2020-09-21T00:00:00Z,0.00279998,0.00285136,0.0026,0.00264,1275424.22949648,769685.7070818335
2020-09-22T00:00:00Z,0.00264,0.00272995,0.00261,0.00267889,545072.46521792,756595.8888218419
2020-09-23T00:00:00Z,0.00267889,0.002722,0.00262,0.00265998,496144.10894035,710996.2624692875
2020-09-24T00:00:00Z,0.00262458,0.002719,0.00260003,0.00269994,862089.86831938,707381.1170244844
2020-09-25T00:00:00Z,0.00266009,0.00276,0.00261005,0.00270998,1315042.24231287,740808.425677103
2020-09-26T00:00:00Z,0.002705,0.00274,0.00267,0.00268,622555.94947429,740289.376817536
2020-09-27T00:00:00Z,0.00268001,0.0027372,0.00258938,0.00269002,993875.78350839,756825.6647025205
2020-09-28T00:00:00Z,0.00271,0.00278,0.00265001,0.00267,945317.7415129,757264.6163068081
2020-09-29T00:00:00Z,0.00266357,0.0027,0.00260007,0.00268998,911771.98381332,790389.7141577165
2020-09-30T00:00:00Z,0.00268998,0.0027,0.00259001,0.00263012,723791.62373957,797482.1888430525
2020-10-01T00:00:00Z,0.00266999,0.00269,0.00257394,0.00261,761111.65249019,761485.2306831239
2020-10-02T00:00:00Z,0.00262,0.00264757,0.00255,0.00257023,619887.46164338,773899.2013709709
2020-10-03T00:00:00Z,0.00260464,0.00268,0.0025,0.00264,700187.2442254,779034.5013707429
2020-10-04T00:00:00Z,0.00264,0.00268,0.00256149,0.00265994,685168.41216056,788726.0102298129
2020-10-05T00:00:00Z,0.00265995,0.00266999,0.00260011,0.00265995,679733.24662466,798110.1283709934
2020-10-06T00:00:00Z,0.0026206,0.00268888,0.0026,0.00263933,782656.87034107,807007.5411895753
2020-10-07T00:00:00Z,0.00263975,0.0027,0.00260015,0.00265,830315.68460815,811686.1187841934
2020-10-08T00:00:00Z,0.00262,0.00269901,0.0026,0.002626,988030.48787761,810408.8607041189
2020-10-09T00:00:00Z,0.00263,0.0027,0.002626,0.0026845,335311.49212928,794558.9620276168
2020-10-10T00:00:00Z,0.0026845,0.00277,0.00266,0.00267005,805377.04807491,793943.2798255368
2020-10-11T00:00:00Z,0.00270498,0.00277,0.00266301,0.002672,1074486.76413059,783896.4065572423
2020-10-12T00:00:00Z,0.00270998,0.00272,0.00252,0.0027,1805946.53031914,846940.1098123032
2020-10-13T00:00:00Z,0.0027,0.0027,0.00263806,0.00269,609847.07152549,852625.2579415602
2020-10-14T00:00:00Z,0.00269,0.0027,0.002659,0.00269,532906.6319764,836166.0961244113
2020-10-15T00:00:00Z,0.00268999,0.0026909,0.0026,0.00262004,987358.10461044,819781.8892392898
2020-10-16T00:00:00Z,0.00265999,0.00266,0.002551,0.002635,668151.49167286,822061.6663492183
2020-10-17T00:00:00Z,0.002606,0.00268,0.002575,0.00261998,778306.53592769,811283.2039701834
2020-10-18T00:00:00Z,0.0026,0.00263,0.00257,0.002615,586806.57363331,793357.6455762038
2020-10-19T00:00:00Z,0.002615,0.0026973,0.0026025,0.002613,1338436.23590651,814690.8581808633
2020-10-20T00:00:00Z,0.002613,0.0026497,0.00258,0.00260657,816222.27474908,819312.3907313388
2020-10-21T00:00:00Z,0.0026093,0.0027,0.00259113,0.00267998,1239406.10263945,843227.1132388018
2020-10-22T00:00:00Z,0.00267998,0.00271,0.00259,0.002665,1830648.9722274,903765.1887680028
2020-10-23T00:00:00Z,0.00268998,0.0027,0.00265,0.002694,917872.17591477,914649.4353524711
2020-10-24T00:00:00Z,0.00268797,0.002694,0.00262,0.002665,786970.10941871,919739.5202153785
2020-10-25T00:00:00Z,0.00263005,0.0026645,0.00262,0.002663,683256.05122588,919915.6604454394
2020-10-26T00:00:00Z,0.002663,0.00289046,0.0026,0.00264,4457270.52523029,1103646.3431899003
2020-10-27T00:00:00Z,0.00264,0.0028,0.00264,0.00272,1868288.03939607,1155544.9609292964
2020-10-28T00:00:00Z,0.00271563,0.00277474,0.0026,0.002655,1608091.98901068,1186548.03598595
2020-10-29T00:00:00Z,0.00265,0.00267912,0.00256,0.00260106,1403056.53944068,1239935.2883515197
2020-10-30T00:00:00Z,0.00261005,0.00264,0.00256,0.002622,727623.2686026,1236047.5993779043
2020-10-31T00:00:00Z,0.002622,0.00266,0.00259,0.00261799,857545.61354722,1225200.541848736
2020-11-01T00:00:00Z,0.00261799,0.00262697,0.00258,0.002593,836447.16377832,1176725.5735216949
2020-11-02T00:00:00Z,0.002599,0.00261,0.00254,0.00255,1507521.66271723,1221609.303081282
2020-11-03T00:00:00Z,0.002575,0.002575,0.002525,0.002551,1048995.01974945,1247413.7224699345
2020-11-04T00:00:00Z,0.002551,0.00261,0.002525,0.0025434,816777.26037971,1238884.680258398
2020-11-05T00:00:00Z,0.00254343,0.00266267,0.00253,0.00266267,1549633.59820454,1282958.785584982
2020-11-06T00:00:00Z,0.00266365,0.0028,0.0026,0.00279687,2301861.60502559,1359136.539039877
2020-11-07T00:00:00Z,0.00279548,0.002813,0.00256,0.00268854,1928813.82389782,1426236.9015531025
2020-11-08T00:00:00Z,0.00267128,0.0027843,0.00267127,0.00272,1478375.17902138,1433233.8487088461
2020-11-09T00:00:00Z,0.00272,0.00276995,0.00267731,0.00268019,1016799.18429904,1443262.694186344
2020-11-10T00:00:00Z,0.00270628,0.00282,0.00267889,0.00279002,1878538.00568184,1475219.2893384635
2020-11-11T00:00:00Z,0.00279002,0.00285,0.00273,0.00280978,1968880.4635963,1482130.8639069083
2020-11-12T00:00:00Z,0.00280978,0.0028099,0.00276,0.00279919,1066333.21320484,1489553.9157714117
2020-11-13T00:00:00Z,0.0027604,0.00282999,0.00276001,0.002802,959451.45132271,1498177.9828666118
2020-11-14T00:00:00Z,0.00280004,0.002828,0.00274,0.00279999,1190533.74665274,1523541.867637955
2020-11-15T00:00:00Z,0.00276279,0.00280467,0.00272,0.00275,4023170.83005716,1501836.8828792982
2020-11-16T00:00:00Z,0.00275,0.00299,0.00275,0.00292,2506456.8927691,1533745.3255479496
2020-11-17T00:00:00Z,0.00292,0.00299,0.00289,0.00297,2278087.99510478,1567245.1258526545
2020-11-18T00:00:00Z,0.00297,0.00297991,0.00285,0.00292,1992439.61099176,1596714.2794302085
2020-11-19T00:00:00Z,0.00289015,0.00296,0.00283768,0.00291003,1173637.90885468,1619015.0114428126
2020-11-20T00:00:00Z,0.00295,0.003,0.0028,0.00299998,1709975.68829518,1661636.5151802104
2020-11-21T00:00:00Z,0.003,0.0036,0.00297109,0.00344429,4702982.86606439,1854963.300294514
2020-11-22T00:00:00Z,0.00351999,0.00356,0.00315,0.00334,4058385.45929646,1982506.4901234754
2020-11-23T00:00:00Z,0.00334,0.003536,0.0032,0.00347,4039729.76653118,2132043.227462562
2020-11-24T00:00:00Z,0.00349,0.0043,0.00342105,0.0041958,9717869.06057583,2577097.8174723675
2020-11-25T00:00:00Z,0.00419898,0.00420022,0.00364008,0.00375999,2956398.26424194,2647436.050774238
2020-11-26T00:00:00Z,0.0037038,0.00375999,0.0029,0.00329999,3288662.02853423,2696776.0719496696
2020-11-27T00:00:00Z,0.00329999,0.00348,0.00306,0.00329995,1693210.57073159,2684995.9092913577
2020-11-28T00:00:00Z,0.0032032,0.0034981,0.0032,0.00340353,1714315.31980632,2696792.916330605
2020-11-29T00:00:00Z,0.00340385,0.00354998,0.0033,0.00347798,1579924.78085138,2724949.196158222
2020-11-30T00:00:00Z,0.00339047,0.00361399,0.00339012,0.00361399,2253029.67171421,2743673.7794598406
2020-12-01T00:00:00Z,0.00355511,0.00361999,0.0032,0.00339998,2338000.27853207,2762129.7702066293
2020-12-02T00:00:00Z,0.00335,0.00342997,0.00305,0.0033999,1305058.14432916,2774066.016762845
2020-12-03T00:00:00Z,0.00337,0.00349999,0.00337,0.00347998,900689.24646805,2771127.9065201124
2020-12-04T00:00:00Z,0.00345001,0.003475,0.0033,0.00333,1293103.7190419,2776256.40513957
2020-12-05T00:00:00Z,0.00333,0.00341997,0.00327005,0.0033966,750574.48502974,2612626.5878881994
2020-12-06T00:00:00Z,0.00337,0.00340999,0.00331005,0.0034,907927.3881434,2532700.1126569146
2020-12-07T00:00:00Z,0.003382,0.003432,0.00332,0.00339993,686415.76903904,2453116.5013536275
2020-12-08T00:00:00Z,0.00339992,0.00340895,0.00318681,0.00319,1410737.14704048,2424031.378156063
2020-12-09T00:00:00Z,0.00318,0.00331,0.00305,0.00325999,1411705.39686482,2435934.7525565703
2020-12-10T00:00:00Z,0.00325997,0.00325997,0.00307003,0.003166,499616.49670846,2375416.7929772343
2020-12-11T00:00:00Z,0.003166,0.00318965,0.00305,0.00318964,1187126.95559222,2199623.997453626
2020-12-12T00:00:00Z,0.00318964,0.0034,0.003151,0.00321956,1551031.96450635,2074256.3227141206
2020-12-13T00:00:00Z,0.00321,0.003275,0.00317002,0.00326897,1328700.99502822,1938704.8841389727
2020-12-14T00:00:00Z,0.00323795,0.003302,0.00323,0.003248,762039.12728501,1490913.387474432
2020-12-15T00:00:00Z,0.00323,0.00327,0.003179,0.00325991,490985.03290614,1367642.725907642
2020-12-16T00:00:00Z,0.00325973,0.00345,0.0032,0.00340001,5013536.1122248,1453886.4300921704
2020-12-17T00:00:00Z,0.0034,0.004,0.0034,0.003769,6224617.69311258,1680456.7862112198
2020-12-18T00:00:00Z,0.00368,0.0039,0.00357212,0.00378,1781047.47181726,1683793.3938117668
2020-12-19T00:00:00Z,0.003789,0.00399,0.003725,0.003965,5551726.99932923,1882383.5047356593
2020-12-20T00:00:00Z,0.00392,0.00467003,0.00380011,0.00450498,10790311.64345674,2309247.6033227863
2020-12-21T00:00:00Z,0.00451407,0.0053,0.00426006,0.0048,10903107.78186164,2737502.9784892644
2020-12-22T00:00:00Z,0.004788,0.004788,0.00437,0.00459981,2521104.69547356,2798305.3060464845
2020-12-23T00:00:00Z,0.004595,0.00482,0.00376,0.0038,4560284.68903212,2981285.078174688
2020-12-24T00:00:00Z,0.00381,0.00455,0.00377,0.004542,2519918.26402065,3042625.8054236257
2020-12-25T00:00:00Z,0.00440769,0.0045977,0.00430009,0.00455,1693218.02474178,3089757.9824092276
2020-12-26T00:00:00Z,0.0045,0.0047,0.0044,0.00461002,853879.61802545,3087055.59390333
2020-12-27T00:00:00Z,0.00461002,0.004699,0.00430402,0.00452,1500451.61302626,3127757.3861026913
2020-12-28T00:00:00Z,0.0045,0.00461998,0.00440002,0.00449,1452737.83205582,3129857.4203534583
2020-12-29T00:00:00Z,0.00448998,0.00453,0.004177,0.00439941,2930364.89825213,3205790.395422824
2020-12-30T00:00:00Z,0.00439915,0.00455,0.004368,0.00437516,1421197.56160337,3251869.4486675696
2020-12-31T00:00:00Z,0.00438485,0.004665,0.00436808,0.004665,1577623.08665857,3271394.255220887
2021-01-01T00:00:00Z,0.00462,0.005444,0.0045001,0.005444,4680577.00982951,3427871.5074870447
2021-01-02T00:00:00Z,0.00525511,0.0129,0.0052551,0.01059833,45564228.79928542,5639647.897699905
2021-01-03T00:00:00Z,0.01059,0.01379304,0.0091,0.010152,21512587.15794696,6677175.299233003
2021-01-04T00:00:00Z,0.010153,0.0113,0.0073,0.009634,12590371.29460654,7282144.612318022
2021-01-05T00:00:00Z,0.0096998,0.01,0.00900078,0.0097,3444667.93147226,7203701.203280397
2021-01-06T00:00:00Z,0.0097,0.0106,0.00933,0.01029001,6244297.04390618,7204685.170820077
2021-01-07T00:00:00Z,0.01029,0.01039876,0.0095,0.00965,5156909.05260985,7373478.249859707
2021-01-08T00:00:00Z,0.00966017,0.0101,0.009,0.00989999,3848212.29727042,7288302.514756766
2021-01-09T00:00:00Z,0.00971533,0.01041993,0.00910008,0.01025,3429722.39748741,6920273.052458299
2021-01-10T00:00:00Z,0.01034,0.011,0.009103,0.00999992,3813795.66727287,6565807.446728861
2021-01-11T00:00:00Z,0.00980556,0.0098981,0.00724002,0.0087,7230860.47905462,6801295.235907914
2021-01-12T00:00:00Z,0.00842694,0.0092,0.007,0.00829975,5244498.91698926,6835505.947305771
2021-01-13T00:00:00Z,0.00802552,0.0087,0.0078,0.00855996,1276030.88075578,6773311.578142527
2021-01-14T00:00:00Z,0.00860493,0.0098899,0.00835836,0.0094,4288449.59200144,6903073.15650551
2021-01-15T00:00:00Z,0.00945222,0.0098,0.0085,0.00920002,3862541.62594673,7053506.256901574
2021-01-16T00:00:00Z,0.0093817,0.0095,0.0091,0.00927,2497229.12214331,7103345.132357426
2021-01-17T00:00:00Z,0.0092,0.00933569,0.00882183,0.00911002,1279412.02088702,7094678.841798986
2021-01-18T00:00:00Z,0.00911002,0.00940995,0.00899999,0.00924998,1090074.24806338,7002664.3092895495
2021-01-19T00:00:00Z,0.00925,0.0098,0.0090504,0.00932798,3001328.04647278,7081670.833533021
2021-01-20T00:00:00Z,0.00930282,0.00930282,0.0086,0.0091,1804435.71834624,7093011.465117404
2021-01-21T00:00:00Z,0.00905473,0.00909996,0.00811,0.00820032,928408.03832842,6905403.016542348
2021-01-22T00:00:00Z,0.0081,0.00878,0.0078,0.00864338,948919.09447257,4674637.531301706
2021-01-23T00:00:00Z,0.00850036,0.00889994,0.00830077,0.008601,355572.94028727,3616786.820418722
2021-01-24T00:00:00Z,0.00854109,0.00889631,0.0084,0.00879982,749955.70592173,3024766.040984482
2021-01-25T00:00:00Z,0.00865145,0.0089699,0.00822297,0.008699,1015756.57148145,2903320.4729849417
2021-01-26T00:00:00Z,0.00831056,0.0088,0.00810011,0.00833758,624375.06151736,2622324.3738655006
2021-01-27T00:00:00Z,0.00834019,0.00866072,0.0073,0.0075,2046017.77726787,2466779.8100984013
2021-01-28T00:00:00Z,0.00792886,0.033,0.00750008,0.03234559,52313084.49567896,4890023.4200188285
2021-01-29T00:00:00Z,0.03198755,0.065,0.02647089,0.046798,74404493.21348447,8438761.960818682
2021-01-30T00:00:00Z,0.046047,0.0525,0.02177723,0.02818199,39297505.60701866,10212947.45780597
2021-01-31T00:00:00Z,0.027941,0.04799992,0.02690999,0.03708997,36348813.73474229,11668845.120590353
2021-02-01T00:00:00Z,0.03701493,0.044,0.03112,0.0345,19294604.14588906,12371350.382035341
2021-02-02T00:00:00Z,0.0344999,0.0357,0.0286713,0.03156892,9186218.68048558,12766859.772021832
2021-02-03T00:00:00Z,0.03125,0.04045,0.0308,0.03739899,11053256.16112341,13105100.10047793
2021-02-04T00:00:00Z,0.0375,0.058,0.035913,0.05299501,52670053.03222338,15545475.670791764
2021-02-05T00:00:00Z,0.05299501,0.05444099,0.04311112,0.0467,13565819.48021633,16098905.188695412
2021-02-06T00:00:00Z,0.0467,0.05871,0.04455555,0.0575,17756211.60382371,16922745.167842247
2021-02-07T00:00:00Z,0.057986,0.087,0.05250001,0.078,40694297.70751481,18902956.34081482
2021-02-08T00:00:00Z,0.07730101,0.0848,0.0625,0.07989891,32250817.094446,20365430.79321348
2021-02-09T00:00:00Z,0.07842467,0.0831,0.063,0.06995729,23182347.90159993,21434326.402376167
2021-02-10T00:00:00Z,0.07006223,0.08099999,0.0673,0.07251988,21049696.6410673,22440390.832513113
2021-02-11T00:00:00Z,0.07262866,0.07514887,0.067,0.07045248,10984401.02665375,22942164.929122172
2021-02-12T00:00:00Z,0.07016737,0.07299799,0.0611,0.07,9732451.18666883,23411008.841441248
2021-02-13T00:00:00Z,0.0701,0.07199331,0.06585375,0.06656877,4538516.49233376,23600436.88076185
2021-02-14T00:00:00Z,0.06656877,0.06666889,0.052,0.06223202,10207612.30674018,24060029.667524785
2021-02-15T00:00:00Z,0.06232136,0.06399897,0.04835879,0.05663929,8558798.70449326,24456750.84967358
2021-02-16T00:00:00Z,0.05635564,0.05983826,0.051,0.05380731,3158751.37915631,24512387.529768
2021-02-17T00:00:00Z,0.05372672,0.05499895,0.0480101,0.04917943,5196814.37435881,22156574.023701996
2021-02-18T00:00:00Z,0.04917944,0.06485645,0.04905872,0.059,14107247.40348847,19141711.733202197
2021-02-19T00:00:00Z,0.0592239,0.05931279,0.05428157,0.05488326,5384983.8902379,17446085.64736316
2021-02-20T00:00:00Z,0.0550215,0.0605,0.051,0.05471127,8392500.38910906,16048269.980081499
2021-02-21T00:00:00Z,0.05461923,0.0595,0.0509,0.056,3868963.57673358,15276987.951623727
2021-02-22T00:00:00Z,0.056,0.0608707,0.0469243,0.05352267,8209787.09716763,15228166.372457827
2021-02-23T00:00:00Z,0.05340479,0.05340479,0.04162771,0.04736956,7374540.00580081,15044230.564691696
2021-02-24T00:00:00Z,0.04742917,0.06019898,0.04587295,0.05696009,9942784.49898839,12907867.138029946
2021-02-25T00:00:00Z,0.05696009,0.05899,0.04994093,0.05004969,2968536.53391714,12378002.990714986
2021-02-26T00:00:00Z,0.05007584,0.05253772,0.047,0.05059987,2516832.19433735,11616034.020240668
2021-02-27T00:00:00Z,0.05057982,0.05172676,0.049361,0.05006658,1652980.61344008,9663968.165536929
2021-02-28T00:00:00Z,0.04992226,0.0501594,0.04499998,0.04810965,1874787.29357074,8145166.675493166
2021-03-01T00:00:00Z,0.04815836,0.05240792,0.04797977,0.0506295,3571875.65452819,7164643.063139578
2021-03-02T00:00:00Z,0.0506,0.0525,0.0490706,0.05025102,1734560.90221361,6198886.276196894
2021-03-03T00:00:00Z,0.05025102,0.05219899,0.05,0.05024848,2282283.56370271,5763780.403049342
2021-03-04T00:00:00Z,0.05040221,0.0512224,0.04804235,0.05028869,1622816.98279791,5358298.692855796
2021-03-05T00:00:00Z,0.05027001,0.05077146,0.04840414,0.04953586,1195867.18203505,5191166.22734086
2021-03-06T00:00:00Z,0.04953586,0.05217302,0.0493679,0.05107714,1906063.03277023,4776088.763642363
2021-03-07T00:00:00Z,0.05106588,0.052,0.0406683,0.05191476,3263795.01847456,4511338.579341428
2021-03-08T00:00:00Z,0.05190497,0.0625,0.05168886,0.06249993,5669904.0785372,4636896.214310473
2021-03-09T00:00:00Z,0.062,0.06249985,0.05600014,0.05837928,2654688.53556162,4509789.9223706145
2021-03-10T00:00:00Z,0.0583844,0.059,0.05505995,0.05605029,5244963.44975068,4066675.7246837243
2021-03-11T00:00:00Z,0.05608125,0.05669957,0.05447385,0.05580384,934956.93371156,3844174.3768574074
2021-03-12T00:00:00Z,0.05580384,0.05654488,0.05440282,0.05550137,989560.97950163,3474027.406377036
2021-03-13T00:00:00Z,0.05539823,0.06229641,0.05450618,0.06229641,2763922.36552356,3418775.345816535
2021-03-14T00:00:00Z,0.06172347,0.063,0.0574337,0.05861146,3027535.311612,3159662.7565387534
2021-03-15T00:00:00Z,0.05868174,0.05980512,0.05510327,0.05729425,1500254.16237831,2865948.464367629
2021-03-16T00:00:00Z,0.05722558,0.05887986,0.05599999,0.05841574,1209812.86562477,2429299.8826994477
2021-03-17T00:00:00Z,0.0584858,0.05862627,0.0565,0.0581,1591663.06749245,2360456.209378213
2021-03-18T00:00:00Z,0.0582,0.05876953,0.05710385,0.05746976,581965.34267678,2263712.8667951846
2021-03-19T00:00:00Z,0.05746975,0.05979289,0.05669315,0.05827209,1120242.32267148,2237075.9522567545
2021-03-20T00:00:00Z,0.05827209,0.06067856,0.058,0.059,1229207.23636342,2204796.949396388
2021-03-21T00:00:00Z,0.059,0.0595,0.05704499,0.05789,824019.25934118,2067404.1296370376
2021-03-22T00:00:00Z,0.0578,0.05819899,0.05516846,0.05554171,1098255.75574653,2035588.8723136834
2021-03-23T00:00:00Z,0.05547522,0.0580111,0.0533085,0.05387294,1594158.93091292,2001182.6406741939
2021-03-24T00:00:00Z,0.05383643,0.05678796,0.05112,0.05186365,1209785.40060526,1980531.0615645614
2021-03-25T00:00:00Z,0.05186365,0.05301422,0.05,0.05135255,1127922.36900524,1977133.8209130708
2021-03-26T00:00:00Z,0.05137804,0.05388063,0.05136581,0.05388063,575539.22587902,1910607.6305685104
2021-03-27T00:00:00Z,0.05389853,0.0562,0.053571,0.05467493,792141.0785718,1787024.933573372
2021-03-28T00:00:00Z,0.05467493,0.0557,0.05295802,0.05364366,835788.44567261,1545319.1519301424
2021-03-29T00:00:00Z,0.05364716,0.05478968,0.048,0.0539467,1461722.27104432,1485670.8387042773
2021-03-30T00:00:00Z,0.05402998,0.0554,0.05362184,0.05415844,1593065.24446312,1303075.9284398993
2021-03-31T00:00:00Z,0.05422763,0.05454564,0.05,0.05330776,1611031.08087337,1336879.63579799
2021-04-01T00:00:00Z,0.05326615,0.0705,0.05307466,0.06168771,11645750.17858591,1869689.0957522038
2021-04-02T00:00:00Z,0.06168772,0.06245129,0.0575,0.05788297,2459458.9325443,1854465.9241032407
2021-04-03T00:00:00Z,0.05777082,0.05938768,0.05589772,0.05589772,1839383.42897185,1795058.329971233
2021-04-04T00:00:00Z,0.05589772,0.058071,0.05555601,0.05737434,1268420.52063023,1783466.6478838292
2021-04-05T00:00:00Z,0.05739674,0.065,0.0566,0.05958105,4539069.02652208,1949929.4559286945
2021-04-06T00:00:00Z,0.05940767,0.065,0.057,0.0645,7041480.72562607,2222420.338835376
2021-04-07T00:00:00Z,0.06444431,0.067,0.0576468,0.05911635,4379740.53808336,2412309.0986057045
2021-04-08T00:00:00Z,0.05911068,0.06203136,0.054,0.06160218,2564642.69195431,2484529.117069846
2021-04-09T00:00:00Z,0.06158516,0.06386409,0.0605488,0.06161512,2114691.44432752,2528803.327468051
2021-04-10T00:00:00Z,0.06158516,0.06476539,0.0612157,0.06369086,2502135.901667,2612709.159584342
2021-04-11T00:00:00Z,0.06373359,0.07959999,0.061,0.07433044,14678728.32372184,3291732.7879831074
2021-04-12T00:00:00Z,0.0743012,0.07533491,0.069,0.07085982,3831167.33110425,3403583.2079926743
2021-04-13T00:00:00Z,0.07084742,0.0959144,0.07084742,0.0938,21251565.51582161,4405672.213753492
2021-04-14T00:00:00Z,0.09433831,0.145,0.09218875,0.1213032,42667834.59819845,6482667.825213152
2021-04-15T00:00:00Z,0.12094307,0.19114807,0.12,0.1831,25329442.22662969,7720362.975250686
2021-04-16T00:00:00Z,0.182,0.47,0.18015069,0.3673,53644692.86323913,10362990.564484052
2021-04-17T00:00:00Z,0.3657,0.38257084,0.23115947,0.28319999,20093615.0100416,11325881.892702501
2021-04-18T00:00:00Z,0.28230008,0.355,0.23754778,0.325,17817875.94795784,12143689.576548178
2021-04-19T00:00:00Z,0.32435161,0.435,0.3131,0.4079499,20072647.22253907,13067668.675451975
2021-04-20T00:00:00Z,0.40795,0.42,0.272,0.31762591,21082561.20634439,14041245.181725526
2021-04-21T00:00:00Z,0.3191141,0.3482,0.2964748,0.30694694,8505277.0779023,13884221.526691347
2021-04-22T00:00:00Z,0.306698,0.30874393,0.255621,0.26140497,11069720.122574,14314734.586192831
2021-04-23T00:00:00Z,0.26082864,0.26919329,0.1525,0.2490662,17158473.39134598,15080689.08431154
2021-04-24T00:00:00Z,0.24914088,0.29,0.22925677,0.27061742,8783108.40329756,15456423.478444904
2021-04-25T00:00:00Z,0.27061742,0.2888,0.2255,0.25092169,5842089.23118671,15521574.488678133
2021-04-26T00:00:00Z,0.25079652,0.28045891,0.24802148,0.27069744,6290198.66866672,15484010.385830168
2021-04-27T00:00:00Z,0.27109238,0.28,0.2653,0.27258219,3516764.64495708,15440861.591173852
2021-04-28T00:00:00Z,0.27241327,0.345,0.25732398,0.322,15889797.01594084,16107119.307373177
2021-04-29T00:00:00Z,0.32182362,0.32499991,0.297,0.30574222,3216180.06259307,16162193.738286454
2021-04-30T00:00:00Z,0.30593165,0.34,0.303,0.3390651,5799065.36000604,16327040.211203406
2021-05-01T00:00:00Z,0.33855911,0.39653669,0.32836058,0.39154927,9243214.24881138,16055264.507457882
2021-05-02T00:00:00Z,0.3915,0.3985,0.36140101,0.37368733,5650312.02336624,16146221.742070979
2021-05-03T00:00:00Z,0.37396979,0.447,0.37396979,0.44023931,9718426.24135968,15569564.77834788
2021-05-04T00:00:00Z,0.4414,0.61,0.40095997,0.5399019,22726868.23378678,14572516.460127294
2021-05-05T00:00:00Z,0.5405989,0.6940206,0.52,0.6552746,17637905.67582909,14187939.632587265
2021-05-06T00:00:00Z,0.6556376,0.66387358,0.543,0.58284975,8975001.28446048,11954455.053648334
2021-05-07T00:00:00Z,0.58284975,0.733,0.52,0.6873611,14899040.46530725,11694726.326411616
2021-05-08T00:00:00Z,0.68818569,0.739,0.604,0.63710136,12383960.01781349,11423030.529904399
2021-05-09T00:00:00Z,0.63786617,0.7021,0.402649,0.57,31834879.88669095,12011142.163111994
2021-05-10T00:00:00Z,0.5681,0.5681,0.425,0.45073987,13887908.19396285,11651409.512492916
2021-05-11T00:00:00Z,0.45038222,0.5483897,0.44439803,0.4939158,9310495.16232941,11691670.416714272
2021-05-12T00:00:00Z,0.49429536,0.52495139,0.38726471,0.39453599,11696809.09306016,11723024.86523858
2021-05-13T00:00:00Z,0.3962,0.5182,0.3099,0.48730308,25539117.47301319,12142057.069321942
2021-05-14T00:00:00Z,0.4882559,0.59,0.4551,0.56000001,13487516.13754606,12377277.456034366
2021-05-15T00:00:00Z,0.55998411,0.5643526,0.49278113,0.50839942,7467109.26692953,12458528.457821507
2021-05-16T00:00:00Z,0.50875683,0.548,0.4508258,0.5157075,7055672.56513367,12496802.152644854
2021-05-17T00:00:00Z,0.51598404,0.5166563,0.45664411,0.488506,4951846.72006509,12568556.256400254
2021-05-18T00:00:00Z,0.48806625,0.5157,0.47000001,0.4773519,3458887.12406425,11947010.761806425
2021-05-19T00:00:00Z,0.47714367,0.47917924,0.213,0.33101918,20451847.20880393,12808794.119116966
2021-05-20T00:00:00Z,0.3311,0.43475211,0.299,0.3992702,16327383.91989638,13335210.047111485
2021-05-21T00:00:00Z,0.39868602,0.41199958,0.315,0.35892516,9794254.56119289,13362762.062730562
2021-05-22T00:00:00Z,0.35862714,0.37,0.31841852,0.3415,5362478.80103354,13348370.401613925
2021-05-23T00:00:00Z,0.34193562,0.35209899,0.24604,0.30670224,9756601.38768674,13350279.158930277
2021-05-24T00:00:00Z,0.30693154,0.372,0.2557,0.36620179,6698507.90654733,12548861.142568305
2021-05-25T00:00:00Z,0.36619965,0.3808345,0.3225415,0.34577293,5118604.31300837,11922896.07442727
2021-05-26T00:00:00Z,0.34618744,0.366,0.338713,0.35326946,2118008.06944545,11580046.413676519
2021-05-27T00:00:00Z,0.35326946,0.35326946,0.32831161,0.33281691,1317290.80045753,10900958.930434033
2021-05-28T00:00:00Z,0.33291409,0.347,0.3015,0.31109964,1780881.74190035,10370805.016638376
2021-05-29T00:00:00Z,0.311001,0.31828643,0.28,0.30235999,2106655.89658974,8884393.817133315
2021-05-30T00:00:00Z,0.3019873,0.31567888,0.28760113,0.3016955,1569187.989002,8268457.806885272
2021-05-31T00:00:00Z,0.3014,0.32892664,0.2938555,0.32590038,1601151.5339,7882990.625463801
2021-06-01T00:00:00Z,0.325723,0.38234986,0.31059767,0.3687067,2719542.59265436,7434127.3004435105
2021-06-02T00:00:00Z,0.36729706,0.446,0.351,0.423099,6628691.05928484,6488605.979757093
2021-06-03T00:00:00Z,0.42381461,0.44321,0.37875523,0.40022249,4234634.09365571,6025961.877562575
2021-06-04T00:00:00Z,0.40039915,0.40113641,0.35179,0.37617605,3723443.10038181,5838778.569235189
2021-06-05T00:00:00Z,0.37661188,0.3948,0.36105362,0.37222922,1983938.88921705,5585191.885439357
2021-06-06T00:00:00Z,0.37194992,0.37645599,0.28555,0.37090429,5795472.13855075,5627373.15636364
2021-06-07T00:00:00Z,0.37089915,0.38,0.32804743,0.33166094,2078628.04678311,5558360.202499582
2021-06-08T00:00:00Z,0.33168424,0.34166633,0.2976,0.32693,2456797.15492012,4658607.699805392
2021-06-09T00:00:00Z,0.32674327,0.3548673,0.31385599,0.342,1889848.3092145,3936730.9192712978
2021-06-10T00:00:00Z,0.34391647,0.34515573,0.32364199,0.32806954,1095809.38372518,3501808.6603979124
2021-06-11T00:00:00Z,0.32790101,0.334603,0.312451,0.31926531,700617.77833602,3268715.6092630364
2021-06-12T00:00:00Z,0.31926574,0.320447,0.30353617,0.31243244,915035.49609792,2826637.314683595
2021-06-13T00:00:00Z,0.31271572,0.3311,0.30909474,0.32480108,893696.70378091,2536396.754545274
2021-06-14T00:00:00Z,0.32473877,0.33722216,0.32060894,0.32776272,1329477.81267985,2346940.4295288483
2021-06-15T00:00:00Z,0.3278142,0.33008354,0.3165,0.32083648,790241.11704159,2280552.0819086554
2021-06-16T00:00:00Z,0.32043366,0.320848,0.30644589,0.30819286,836019.26403288,2256488.5050874227
2021-06-17T00:00:00Z,0.30804762,0.3147,0.3044,0.30809512,416104.75859344,2188249.655922077
2021-06-18T00:00:00Z,0.30799756,0.3095,0.2825,0.29583354,892161.99782551,2127524.960983866
2021-06-19T00:00:00Z,0.29607188,0.30089998,0.2896,0.28995457,362631.58982532,2067197.1410250317
2021-06-20T00:00:00Z,0.28981749,0.29395616,0.261,0.28412006,1106463.42993239,2042462.7358266513
2021-06-21T00:00:00Z,0.28405031,0.28405031,0.16949,0.18000434,5354234.34051222,2174197.3232195443
2021-06-22T00:00:00Z,0.18131658,0.222222,0.16788,0.1926,4782788.68565583,2081902.2045380943
2021-06-23T00:00:00Z,0.19214652,0.25001374,0.184,0.23767155,4751049.75967252,2107722.9878389346
2021-06-24T00:00:00Z,0.23798069,0.27,0.2246,0.26388793,2173735.33093245,2030237.5993664667
2021-06-25T00:00:00Z,0.26388793,0.29,0.2301,0.24,3060356.6837996,2084058.4890955943
2021-06-26T00:00:00Z,0.2395046,0.2573,0.23371137,0.2492,1096394.46160425,1849104.6052482694
2021-06-27T00:00:00Z,0.24932119,0.269,0.2432,0.2678625,873743.03980928,1788860.3548995778
2021-06-28T00:00:00Z,0.26711347,0.26834133,0.2527,0.25793517,895662.00164393,1710803.5972357683
2021-06-29T00:00:00Z,0.25785293,0.27607301,0.255249,0.26371447,1222281.11561504,1677425.2375557953
2021-06-30T00:00:00Z,0.26384431,0.26406891,0.23989,0.25602726,948135.51473628,1670041.5441063503
2021-07-01T00:00:00Z,0.25604793,0.2628,0.24081907,0.24679,836638.20825011,1676842.5656020548
2021-07-02T00:00:00Z,0.24669144,0.2498,0.2410001,0.24705571,454397.56623291,1653810.6691088043
2021-07-03T00:00:00Z,0.24705107,0.252,0.24366978,0.24663526,295299.74803849,1623890.8213216832
2021-07-04T00:00:00Z,0.24631479,0.25315686,0.24401009,0.24728634,529222.71679026,1583878.0665272037
2021-07-05T00:00:00Z,0.247,0.247,0.22692185,0.23230024,986853.00313024,1593708.660831636
2021-07-06T00:00:00Z,0.23220086,0.24224999,0.2305403,0.23464117,473250.43046649,1575570.2191533165
2021-07-07T00:00:00Z,0.23482535,0.2389,0.2217717,0.22509995,395132.72431497,1574521.617439393
2021-07-08T00:00:00Z,0.22509995,0.22537003,0.20363716,0.20943967,937024.08976309,1576764.7220362718
2021-07-09T00:00:00Z,0.20927695,0.2326676,0.19867353,0.22236171,1205344.349259,1618900.360007956
2021-07-10T00:00:00Z,0.22235959,0.2301163,0.21280697,0.21692408,375713.22251126,1582362.8496368995
2021-07-11T00:00:00Z,0.21699283,0.22071476,0.21360599,0.21758244,350085.84641828,1332155.4249322026
2021-07-12T00:00:00Z,0.2174636,0.21987894,0.20700036,0.21160578,538084.0606387,1119920.193681346
2021-07-13T00:00:00Z,0.21167012,0.21167012,0.2020001,0.20379192,417647.07956972,903250.0596762061
2021-07-14T00:00:00Z,0.20380886,0.20763573,0.19130101,0.20034151,726063.2307153,830866.4546653486
2021-07-15T00:00:00Z,0.20041163,0.2033507,0.18576392,0.18908185,622624.19408219,708979.8301794782
2021-07-16T00:00:00Z,0.18913067,0.19319899,0.175,0.17610324,659369.14682679,687128.5644406051
2021-07-17T00:00:00Z,0.17566407,0.21,0.17318878,0.19112285,1508927.79516725,718887.8022085037
2021-07-18T00:00:00Z,0.19087531,0.19907648,0.1851,0.18632923,875454.34147901,717877.4192002577
2021-07-19T00:00:00Z,0.18649442,0.1878,0.175,0.17814666,446201.37297172,679073.4320680917
2021-07-20T00:00:00Z,0.17840095,0.1837,0.165,0.17439611,883838.41334425,675858.5769984901
2021-07-21T00:00:00Z,0.1744135,0.219,0.1727317,0.19354468,2115379.93739194,739795.6634555816
2021-07-22T00:00:00Z,0.19355157,0.19999989,0.19,0.19383214,1072484.38543353,770700.0044156127
2021-07-23T00:00:00Z,0.19382021,0.20795969,0.18511201,0.19685464,714594.21072814,791664.7275500952
2021-07-24T00:00:00Z,0.19703197,0.20549899,0.19313399,0.19828896,681192.95307818,799263.2393644912
2021-07-25T00:00:00Z,0.19826392,0.20154062,0.19190101,0.19892278,645945.80190899,782217.8793034287
2021-07-26T00:00:00Z,0.19901112,0.23219899,0.19875318,0.2056001,2807273.46716192,898919.0311382003
2021-07-27T00:00:00Z,0.20550667,0.21128562,0.19570101,0.20708426,937752.89832378,926050.039838641
2021-07-28T00:00:00Z,0.20711984,0.21499899,0.2025,0.2062,1301907.62697316,944294.2166991445
2021-07-29T00:00:00Z,0.20596953,0.20677889,0.20092651,0.20499068,464891.40257535,907271.5693649619
2021-07-30T00:00:00Z,0.2052681,0.21075632,0.19728151,0.20843957,832486.30395233,930110.2234370153
2021-07-31T00:00:00Z,0.20849394,0.2139999,0.20538161,0.20798409,583614.88164071,941786.6751981368
2021-08-01T00:00:00Z,0.20793766,0.2175361,0.20227868,0.20531241,1133892.61570256,971577.1029513298
2021-08-02T00:00:00Z,0.20524966,0.2111,0.203,0.20452573,582140.72720045,979801.7853328662
2021-08-03T00:00:00Z,0.20448889,0.20558292,0.19655738,0.19894618,317542.0882089,959375.728207546
2021-08-04T00:00:00Z,0.19896868,0.204,0.19500102,0.20279426,477470.00556073,952118.0187814732
2021-08-05T00:00:00Z,0.20281312,0.20304002,0.1951,0.20155149,412940.41813941,939796.5823471041
2021-08-06T00:00:00Z,0.20147266,0.2115,0.19800001,0.20522189,719847.8026457,900342.5827210266
2021-08-07T00:00:00Z,0.2051626,0.26180545,0.20410966,0.26145251,3310625.83129101,1022101.1572116265
2021-08-08T00:00:00Z,0.26172197,0.28479899,0.2357,0.2406197,2742554.77328281,1136918.827227181
2021-08-09T00:00:00Z,0.24051403,0.26600054,0.23214776,0.25707221,1938141.24376618,1189633.9687482775
2021-08-10T00:00:00Z,0.25684586,0.26373391,0.2442791,0.25795962,1561739.05959796,1161951.9248585787
2021-08-11T00:00:00Z,0.2580994,0.28362577,0.25654304,0.26554613,2211385.51870374,1218896.9815220893
2021-08-12T00:00:00Z,0.26522804,0.29269128,0.25361311,0.26585203,1433261.93503165,1254830.3677372648
2021-08-13T00:00:00Z,0.26601386,0.29014721,0.26390605,0.28655363,1345231.34509216,1288032.2873379637
2021-08-14T00:00:00Z,0.28636553,0.29801,0.277,0.2932006,1751619.28800269,1343315.9616426486
2021-08-15T00:00:00Z,0.29379999,0.349,0.2866948,0.3401054,2889909.77296427,1347447.7769327662
2021-08-16T00:00:00Z,0.34010498,0.35444,0.31000101,0.32073749,2905683.15481972,1445844.289757563
2021-08-17T00:00:00Z,0.32074216,0.3399048,0.29616004,0.29938822,1619600.4725578,1461728.9320367952
2021-08-18T00:00:00Z,0.29974773,0.3256,0.28227128,0.30537196,2300379.76229415,1553503.350022735
2021-08-19T00:00:00Z,0.3050061,0.31834027,0.2962,0.31691244,1166134.53840242,1570185.7617452396
2021-08-20T00:00:00Z,0.31701877,0.33333,0.3142,0.32690552,1332187.85689833,1607614.4105081207
2021-08-21T00:00:00Z,0.32718146,0.3291,0.3157,0.31774224,722074.95438762,1587023.5274423738
2021-08-22T00:00:00Z,0.31769727,0.322,0.3054343,0.31524698,682829.57417772,1592057.9697912373
2021-08-23T00:00:00Z,0.31524699,0.32795457,0.3128,0.31830608,782498.78725595,1615305.8047435898
2021-08-24T00:00:00Z,0.31810212,0.31892168,0.27730491,0.28918639,1663099.62947668,1674587.2859393875
2021-08-25T00:00:00Z,0.28903363,0.29839153,0.281,0.29325206,748026.46547753,1691341.5883062936
2021-08-26T00:00:00Z,0.29332848,0.29655024,0.2669,0.2705,1035773.39689913,1707137.868018965
2021-08-27T00:00:00Z,0.27052665,0.2965,0.26767618,0.29435632,583051.34179479,1570759.143544154
2021-08-28T00:00:00Z,0.29430758,0.29911365,0.28317078,0.28568806,384882.87750659,1452875.548755343
2021-08-29T00:00:00Z,0.28601175,0.2925168,0.27800001,0.28147192,452248.72350374,1378580.922742221
2021-08-30T00:00:00Z,0.28145252,0.29025809,0.27080101,0.27221011,897669.95365137,1345377.4674448913
2021-08-31T00:00:00Z,0.27211632,0.28537155,0.27080101,0.27899162,828916.65255664,1276254.0241375363
2021-09-01T00:00:00Z,0.27900018,0.29442243,0.2737001,0.29420234,1127186.94678619,1260950.2747252635
2021-09-02T00:00:00Z,0.29424252,0.316,0.29298503,0.29519999,1735582.46845441,1280467.830893376
2021-09-03T00:00:00Z,0.29507131,0.30409992,0.2875274,0.29606423,1096628.52423523,1247718.292705003
2021-09-04T00:00:00Z,0.29578186,0.3094,0.29444877,0.29965889,738564.53902382,1140151.0310079805
2021-09-05T00:00:00Z,0.29973127,0.3148,0.2969385,0.31415855,901111.06128655,1039922.426331322
2021-09-06T00:00:00Z,0.31449673,0.32,0.301,0.3096034,1065436.32117093,1012214.2187619784
2021-09-07T00:00:00Z,0.30973534,0.3109164,0.21922036,0.25668611,2773633.21346126,1035876.891320334
2021-09-08T00:00:00Z,0.25699417,0.2644971,0.23422443,0.25949385,1610400.45356164,1058090.187078295
2021-09-09T00:00:00Z,0.25983139,0.265,0.25090101,0.25427088,671543.57952618,1025057.9732096875
2021-09-10T00:00:00Z,0.25437529,0.263,0.23995432,0.24421809,648222.97084951,1021365.374032782
2021-09-11T00:00:00Z,0.24421447,0.2504079,0.2415,0.24337624,394132.68968689,1006930.5298082406
2021-09-12T00:00:00Z,0.24341901,0.25675569,0.2423,0.25278405,549678.44342125,995289.5126165055
2021-09-13T00:00:00Z,0.25287881,0.25349976,0.2312699,0.23935119,773218.02763415,950795.432524379
2021-09-14T00:00:00Z,0.23951038,0.2447034,0.23801249,0.24237759,494895.56005661,938138.8872533329
2021-09-15T00:00:00Z,0.24235004,0.24856118,0.24121124,0.24727829,528149.3443808,912757.6846274163
2021-09-16T00:00:00Z,0.24733734,0.2485486,0.23423789,0.24352494,580876.50609826,912648.9428425899
2021-09-17T00:00:00Z,0.24358884,0.26112172,0.24003231,0.2411968,770609.27208472,931935.2625714963
2021-09-18T00:00:00Z,0.24130698,0.2497,0.24019031,0.24328887,383173.9436878,928481.5235806995
2021-09-19T00:00:00Z,0.24321714,0.24354307,0.233436,0.2348705,405818.3820271,903888.944999486
2021-09-20T00:00:00Z,0.23501715,0.2350989,0.2019,0.2124,1354107.41516418,930148.483129863
2021-09-21T00:00:00Z,0.21251416,0.22219899,0.20365676,0.20508843,873309.27040883,917454.5993109951
2021-09-22T00:00:00Z,0.20539415,0.23449566,0.20539415,0.22871039,672392.93012792,864295.1223946705
2021-09-23T00:00:00Z,0.22853811,0.23163149,0.22151487,0.22866908,474382.03981971,833182.7981738945
2021-09-24T00:00:00Z,0.22891636,0.22891636,0.20515127,0.215483,1247101.67240006,858609.6548427066
2021-09-25T00:00:00Z,0.21559101,0.21865169,0.21066634,0.2151,656262.64737896,846367.234147327
2021-09-26T00:00:00Z,0.2153,0.2153,0.20211905,0.20854935,726645.01434165,829427.668805863
2021-09-27T00:00:00Z,0.20863279,0.21348352,0.20520177,0.2056,682946.87397819,724893.3518317096
2021-09-28T00:00:00Z,0.2056,0.20860936,0.202,0.20244953,751698.78767903,681958.2685375791
2021-09-29T00:00:00Z,0.20269251,0.20998455,0.20157163,0.2051376,504622.51117869,673612.2151202045
2021-09-30T00:00:00Z,0.2051376,0.21179899,0.20428,0.20835837,758379.33581538,679120.033368498
2021-10-01T00:00:00Z,0.20860854,0.22796788,0.20642536,0.22528323,846843.33159474,701755.5654638906
2021-10-02T00:00:00Z,0.22499107,0.228,0.21710101,0.22154372,694504.63559906,708996.875072781
2021-10-03T00:00:00Z,0.22180943,0.228,0.21888094,0.22340915,508833.95714981,695777.671548564
2021-10-04T00:00:00Z,0.22325364,0.2515,0.2156,0.24372683,1824199.56615505,762242.8718534859
2021-10-05T00:00:00Z,0.24367923,0.269,0.2360001,0.25377446,2364300.39013939,854050.4241414156
2021-10-06T00:00:00Z,0.25345852,0.27413082,0.24579999,0.2565,1732873.93824653,911650.2957488291
2021-10-07T00:00:00Z,0.25635188,0.25719504,0.238964,0.24366922,1438487.20692449,945044.1924908176
2021-10-08T00:00:00Z,0.24374652,0.25550001,0.24320307,0.24501793,690574.09384476,960414.1999986656
2021-10-09T00:00:00Z,0.24534858,0.2530806,0.24381254,0.24828934,664891.32576625,973367.8471856231
2021-10-10T00:00:00Z,0.24821928,0.2495,0.22864533,0.23079366,1040525.42483678,957688.7476692531
2021-10-11T00:00:00Z,0.23105041,0.2404229,0.227,0.23293315,863993.28344938,957222.9483212807
2021-10-12T00:00:00Z,0.23316304,0.23379899,0.21934,0.22806268,748368.59613487,961021.7316216283
2021-10-13T00:00:00Z,0.22808485,0.23623365,0.22380145,0.23411734,718509.33936343,973228.0965988142
2021-10-14T00:00:00Z,0.23411735,0.24142159,0.23285563,0.23374883,679608.93383667,944853.4596706446
2021-10-15T00:00:00Z,0.23379171,0.24353975,0.2257091,0.23557,1002741.28315297,962177.3914593452
2021-10-16T00:00:00Z,0.23570686,0.24598,0.23570686,0.2394,788988.69086405,965294.5752854652
2021-10-17T00:00:00Z,0.23894384,0.24272312,0.22820017,0.23865848,1100244.091669,986159.4361700058
2021-10-18T00:00:00Z,0.23925571,0.27307408,0.23843985,0.24925648,2134536.46391693,1055301.3199819007
2021-10-19T00:00:00Z,0.24955569,0.25673,0.24241761,0.24715998,567780.18231127,1058459.2035385298
2021-10-20T00:00:00Z,0.24713139,0.26179251,0.2444818,0.25464081,762531.16164501,1058666.7948300112
2021-10-21T00:00:00Z,0.2546308,0.25900443,0.2417,0.24399542,754815.74458735,1054065.4154796419
2021-10-22T00:00:00Z,0.24395088,0.2535,0.2366021,0.24528044,571191.18190863,1047899.7427951202
2021-10-23T00:00:00Z,0.24527277,0.25393176,0.2422,0.25178438,297595.63590884,1037337.8267330716
2021-10-24T00:00:00Z,0.2517095,0.28254749,0.24708328,0.27814746,1801957.59212461,1036225.7280315496
2021-10-25T00:00:00Z,0.27805753,0.27992114,0.2615,0.26540784,935569.39832349,964789.1784407547
2021-10-26T00:00:00Z,0.2656662,0.27491733,0.255,0.25716861,989917.09947299,927641.3365020776
2021-10-27T00:00:00Z,0.25729275,0.26477772,0.22222213,0.24087133,2063699.93992593,958901.9731521497
2021-10-28T00:00:00Z,0.24077918,0.34,0.23629245,0.30262468,6338930.34026836,1241319.7854733295
2021-10-29T00:00:00Z,0.30252614,0.30905586,0.2788,0.28946549,1195430.31944295,1267846.7351571645
2021-10-30T00:00:00Z,0.28976861,0.29566176,0.26,0.26963943,1304528.84928999,1281046.906379825
2021-10-31T00:00:00Z,0.26936557,0.2865,0.2554,0.28180627,1354763.51155202,1305585.417784957
2021-11-01T00:00:00Z,0.28182538,0.28685,0.26603172,0.27274349,644704.99373291,1300402.237664859
2021-11-02T00:00:00Z,0.27278434,0.282,0.268544,0.27321462,629443.30062234,1295948.9357278044
2021-11-03T00:00:00Z,0.27353227,0.27837386,0.26208522,0.26977831,786522.90622314,1301294.6343471282
2021-11-04T00:00:00Z,0.26974505,0.27139899,0.2564,0.26505638,545486.04135167,1278431.872257063
2021-11-05T00:00:00Z,0.26494861,0.27286446,0.2603,0.26315501,414667.61397054,1259715.8184123875
2021-11-06T00:00:00Z,0.26288545,0.26931718,0.255,0.26481992,399865.34247727,1224696.880952801
2021-11-07T00:00:00Z,0.26481987,0.27038603,0.26129666,0.26734837,389445.26148,1137442.3208309545
2021-11-08T00:00:00Z,0.26734838,0.2965806,0.266,0.28211223,1889391.3732689,1203522.8803788358
2021-11-09T00:00:00Z,0.28187439,0.29,0.272288,0.27473732,1261401.43117774,1228466.3938554723
2021-11-10T00:00:00Z,0.27466014,0.277,0.2196068,0.25734646,2469258.51533644,1314188.5323929267
2021-11-11T00:00:00Z,0.25744626,0.272,0.25634721,0.26331767,502810.61864604,1310769.5042297973
2021-11-12T00:00:00Z,0.26354681,0.27,0.2547,0.26265473,545706.95970171,1323175.0704194407
2021-11-13T00:00:00Z,0.2625948,0.265,0.259,0.264379,225414.88273397,1244347.9349499089
2021-11-14T00:00:00Z,0.26425401,0.27553023,0.263,0.26726111,315207.50204288,1213329.8401358782
2021-11-15T00:00:00Z,0.2675,0.27,0.26043025,0.26322276,442184.71694336,1185943.2210093967
2021-11-16T00:00:00Z,0.26303989,0.26529746,0.231,0.24570665,876877.72357794,1126602.1101919971
2021-11-17T00:00:00Z,0.24570291,0.24942651,0.23667075,0.24394482,495131.93402443,834412.1898798007
2021-11-18T00:00:00Z,0.24392068,0.248,0.2241,0.2299743,877646.28969009,818522.9883921577
2021-11-19T00:00:00Z,0.22984034,0.24409649,0.22585093,0.24040685,507123.84515284,778652.7381853001
2021-11-20T00:00:00Z,0.24034177,0.247334,0.23346,0.24126848,453590.40382224,733594.082798811
2021-11-21T00:00:00Z,0.24121198,0.2412408,0.2311,0.234,328189.1097532,717768.2885998256
2021-11-22T00:00:00Z,0.23376458,0.23476155,0.22547061,0.22783678,346265.31615926,703609.3893766715
2021-11-23T00:00:00Z,0.22788328,0.24462666,0.223,0.23409421,660508.42605864,697308.6653684465
2021-11-24T00:00:00Z,0.23420666,0.23754911,0.21937334,0.22444298,494991.74963897,694783.9507828115
2021-11-25T00:00:00Z,0.22433347,0.23466829,0.2211,0.22717793,525235.11238326,700312.3257034475
2021-11-26T00:00:00Z,0.22735064,0.22735064,0.1886778,0.21064979,1326703.08274526,746654.212716847
2021-11-27T00:00:00Z,0.21100302,0.21908906,0.21100302,0.21509931,183198.00186678,736341.849736186
2021-11-28T00:00:00Z,0.21491696,0.21506297,0.2029607,0.20900885,207660.64442018,652255.3132937499